t,prn,elev,az,snr,const
82886.0,20.0,11.0,5.0,29.0,GN
82886.0,19.0,,,,GN
82886.0,,,,0.92,GN
82886.0,78.0,88.0,77.0,72.0,GN
82886.0,71.0,86.0,76.0,79.0,GN
82886.0,,,,0.92,GN
82886.0,12.0,10.0,7.0,,GN
82886.0,,,,,GN
82886.0,,,,0.92,GN
82886.0,42.0,21.0,14.0,25.0,GN
82886.0,33.0,,,,GN
82886.0,,,,0.92,GN
82886.0,12.0,68.0,215.0,44.0,GP
82886.0,20.0,66.0,127.0,38.0,GP
82886.0,11.0,61.0,40.0,19.0,GP
82886.0,25.0,55.0,287.0,1.0,GP
82886.0,44.0,42.0,197.0,46.0,GP
82886.0,5.0,39.0,176.0,43.0,GP
82886.0,6.0,25.0,53.0,,GP
82886.0,29.0,24.0,298.0,1.0,GP
82886.0,19.0,9.0,100.0,38.0,GP
82886.0,28.0,7.0,310.0,26.0,GP
82886.0,9.0,5.0,55.0,,GP
82886.0,87.0,52.0,20.0,14.0,GL
82886.0,78.0,43.0,300.0,19.0,GL
82886.0,88.0,40.0,290.0,16.0,GL
82886.0,77.0,39.0,213.0,3.0,GL
82886.0,72.0,27.0,103.0,41.0,GL
82886.0,71.0,23.0,50.0,15.0,GL
82886.0,86.0,13.0,62.0,17.0,GL
82886.0,76.0,6.0,181.0,4.0,GL
82886.0,79.0,5.0,338.0,17.0,GL
82886.0,65.0,4.0,154.0,43.0,GL
82886.0,31.0,63.0,202.0,43.0,GA
82886.0,33.0,62.0,34.0,14.0,GA
82886.0,12.0,54.0,258.0,24.0,GA
82886.0,24.0,46.0,303.0,1.0,GA
82886.0,10.0,29.0,248.0,35.0,GA
82886.0,26.0,16.0,55.0,17.0,GA
82886.0,7.0,5.0,52.0,19.0,GA
82886.0,11.0,4.0,243.0,,GA
82886.0,31.0,63.0,202.0,37.0,GA
82886.0,10.0,29.0,248.0,19.0,GA
82886.0,43.0,71.0,358.0,23.0,GB
82886.0,11.0,56.0,50.0,18.0,GB
82886.0,23.0,37.0,239.0,37.0,GB
82886.0,34.0,37.0,73.0,,GB
82886.0,42.0,33.0,120.0,41.0,GB
82886.0,37.0,26.0,301.0,13.0,GB
82886.0,21.0,26.0,61.0,19.0,GB
82886.0,28.0,25.0,279.0,,GB
82886.0,14.0,23.0,148.0,42.0,GB
82886.0,25.0,13.0,191.0,44.0,GB
82886.0,12.0,9.0,80.0,15.0,GB
82886.0,33.0,9.0,169.0,4.0,GB
82886.0,16.0,3.0,333.0,,GB
82886.0,39.0,3.0,324.0,16.0,GB
82886.0,23.0,37.0,239.0,31.0,GB
82886.0,42.0,33.0,120.0,22.0,GB
82886.0,25.0,13.0,191.0,27.0,GB
82886.0,33.0,9.0,169.0,3.0,GB
82886.0,,230126.0,,,GN
82886.0,,10514.615784,,0.01,GN
82886.0,,190324.0,,,GN
82886.0,,0.01,,0.0,GN
82887.0,20.0,11.0,5.0,29.0,GN
82887.0,19.0,,,,GN
82887.0,,,,0.92,GN
82887.0,78.0,88.0,77.0,72.0,GN
82887.0,71.0,86.0,76.0,79.0,GN
82887.0,,,,0.92,GN
82887.0,12.0,10.0,7.0,,GN
82887.0,,,,,GN
82887.0,,,,0.92,GN
82887.0,42.0,21.0,14.0,25.0,GN
82887.0,33.0,,,,GN
82887.0,,,,0.92,GN
82887.0,12.0,68.0,215.0,44.0,GP
82887.0,20.0,66.0,127.0,38.0,GP
82887.0,11.0,61.0,40.0,18.0,GP
82887.0,25.0,55.0,287.0,1.0,GP
82887.0,44.0,42.0,197.0,46.0,GP
82887.0,5.0,39.0,176.0,43.0,GP
82887.0,6.0,25.0,53.0,,GP
82887.0,29.0,24.0,298.0,1.0,GP
82887.0,19.0,9.0,100.0,38.0,GP
82887.0,28.0,7.0,310.0,28.0,GP
82887.0,9.0,5.0,55.0,,GP
82887.0,87.0,52.0,20.0,17.0,GL
82887.0,78.0,43.0,300.0,17.0,GL
82887.0,88.0,40.0,290.0,16.0,GL
82887.0,77.0,39.0,213.0,3.0,GL
82887.0,72.0,27.0,103.0,41.0,GL
82887.0,71.0,23.0,50.0,16.0,GL
82887.0,86.0,13.0,62.0,21.0,GL
82887.0,76.0,6.0,181.0,4.0,GL
82887.0,79.0,5.0,338.0,18.0,GL
82887.0,65.0,4.0,154.0,43.0,GL
82887.0,31.0,63.0,202.0,43.0,GA
82887.0,33.0,62.0,34.0,15.0,GA
82887.0,12.0,54.0,258.0,24.0,GA
82887.0,24.0,46.0,303.0,1.0,GA
82887.0,10.0,29.0,248.0,36.0,GA
82887.0,26.0,16.0,55.0,17.0,GA
82887.0,7.0,5.0,52.0,18.0,GA
82887.0,11.0,4.0,243.0,,GA
82887.0,31.0,63.0,202.0,37.0,GA
82887.0,10.0,29.0,248.0,19.0,GA
82887.0,43.0,71.0,358.0,23.0,GB
82887.0,11.0,56.0,50.0,17.0,GB
82887.0,23.0,37.0,239.0,37.0,GB
82887.0,34.0,37.0,73.0,1.0,GB
82887.0,42.0,33.0,120.0,41.0,GB
82887.0,37.0,26.0,301.0,14.0,GB
82887.0,21.0,26.0,61.0,19.0,GB
82887.0,28.0,25.0,279.0,,GB
82887.0,14.0,23.0,148.0,42.0,GB
82887.0,25.0,13.0,191.0,44.0,GB
82887.0,12.0,9.0,80.0,15.0,GB
82887.0,33.0,9.0,169.0,4.0,GB
82887.0,16.0,3.0,333.0,,GB
82887.0,39.0,3.0,324.0,16.0,GB
82887.0,23.0,37.0,239.0,31.0,GB
82887.0,42.0,33.0,120.0,22.0,GB
82887.0,25.0,13.0,191.0,27.0,GB
82887.0,33.0,9.0,169.0,3.0,GB
82887.0,,230127.0,,,GN
82887.0,,10514.61579,,0.02,GN
82887.0,,190324.0,,,GN
82887.0,,0.02,,0.0,GN
82888.0,20.0,11.0,5.0,6.0,GN
82888.0,29.0,19.0,,,GN
82888.0,,,,0.92,GN
82888.0,78.0,88.0,77.0,72.0,GN
82888.0,71.0,86.0,76.0,79.0,GN
82888.0,,,,0.92,GN
82888.0,12.0,10.0,7.0,,GN
82888.0,,,,,GN
82888.0,,,,0.92,GN
82888.0,42.0,21.0,14.0,25.0,GN
82888.0,33.0,,,,GN
82888.0,,,,0.92,GN
82888.0,12.0,68.0,215.0,44.0,GP
82888.0,20.0,66.0,127.0,38.0,GP
82888.0,11.0,61.0,40.0,17.0,GP
82888.0,25.0,55.0,287.0,1.0,GP
82888.0,44.0,42.0,197.0,46.0,GP
82888.0,5.0,39.0,176.0,43.0,GP
82888.0,6.0,25.0,53.0,22.0,GP
82888.0,29.0,24.0,298.0,1.0,GP
82888.0,19.0,9.0,100.0,38.0,GP
82888.0,28.0,7.0,310.0,28.0,GP
82888.0,9.0,5.0,55.0,,GP
82888.0,87.0,52.0,20.0,17.0,GL
82888.0,78.0,43.0,300.0,20.0,GL
82888.0,88.0,40.0,290.0,17.0,GL
82888.0,77.0,39.0,213.0,3.0,GL
82888.0,72.0,27.0,103.0,42.0,GL
82888.0,71.0,23.0,50.0,13.0,GL
82888.0,86.0,13.0,62.0,22.0,GL
82888.0,76.0,6.0,181.0,4.0,GL
82888.0,79.0,5.0,338.0,19.0,GL
82888.0,65.0,4.0,154.0,43.0,GL
82888.0,31.0,63.0,202.0,43.0,GA
82888.0,33.0,62.0,34.0,16.0,GA
82888.0,12.0,54.0,258.0,24.0,GA
82888.0,24.0,46.0,303.0,1.0,GA
82888.0,10.0,29.0,248.0,36.0,GA
82888.0,26.0,16.0,55.0,17.0,GA
82888.0,7.0,5.0,52.0,18.0,GA
82888.0,11.0,4.0,243.0,,GA
82888.0,31.0,63.0,202.0,37.0,GA
82888.0,10.0,29.0,248.0,20.0,GA
82888.0,43.0,71.0,358.0,21.0,GB
82888.0,11.0,56.0,50.0,16.0,GB
82888.0,23.0,37.0,239.0,38.0,GB
82888.0,34.0,37.0,73.0,1.0,GB
82888.0,42.0,33.0,120.0,41.0,GB
82888.0,37.0,26.0,301.0,13.0,GB
82888.0,21.0,26.0,61.0,19.0,GB
82888.0,28.0,25.0,279.0,,GB
82888.0,14.0,23.0,148.0,42.0,GB
82888.0,25.0,13.0,191.0,44.0,GB
82888.0,12.0,9.0,80.0,13.0,GB
82888.0,33.0,9.0,169.0,4.0,GB
82888.0,16.0,3.0,333.0,,GB
82888.0,39.0,3.0,324.0,16.0,GB
82888.0,23.0,37.0,239.0,31.0,GB
82888.0,42.0,33.0,120.0,22.0,GB
82888.0,25.0,13.0,191.0,27.0,GB
82888.0,33.0,9.0,169.0,3.0,GB
82888.0,,230128.0,,,GN
82888.0,,10514.615772,,0.02,GN
82888.0,,190324.0,,,GN
82888.0,,0.02,,0.0,GN
82889.0,20.0,11.0,5.0,6.0,GN
82889.0,29.0,19.0,,,GN
82889.0,,,,0.9,GN
82889.0,78.0,88.0,77.0,72.0,GN
82889.0,71.0,86.0,76.0,79.0,GN
82889.0,,,,0.9,GN
82889.0,12.0,10.0,7.0,,GN
82889.0,,,,,GN
82889.0,,,,0.9,GN
82889.0,,230626.0,,4000.58578,GN
82889.0,,10514.619066,,0.01,GN
82889.0,,190324.0,,,GN
82889.0,,0.01,,0.0,GN
83186.0,12.0,11.0,5.0,29.0,GN
83186.0,6.0,28.0,19.0,9.0,GN
83186.0,,,,0.87,GN
83186.0,78.0,88.0,77.0,72.0,GN
83186.0,71.0,79.0,65.0,,GN
83186.0,,,,0.87,GN
83186.0,12.0,10.0,7.0,,GN
83186.0,,,,,GN
83186.0,,,,0.87,GN
83186.0,42.0,21.0,28.0,14.0,GN
83186.0,25.0,33.0,,,GN
83186.0,,,,0.87,GN
83186.0,20.0,67.0,120.0,42.0,GP
83186.0,12.0,66.0,210.0,43.0,GP
83186.0,11.0,59.0,41.0,23.0,GP
83186.0,25.0,56.0,283.0,,GP
83186.0,44.0,42.0,197.0,46.0,GP
83186.0,5.0,42.0,176.0,46.0,GP
83186.0,29.0,26.0,299.0,23.0,GP
83186.0,6.0,23.0,54.0,2.0,GP
83186.0,28.0,7.0,308.0,21.0,GP
83186.0,19.0,7.0,102.0,33.0,GP
83186.0,9.0,5.0,53.0,19.0,GP
83186.0,87.0,51.0,24.0,19.0,GL
83186.0,78.0,43.0,296.0,26.0,GL
83186.0,88.0,42.0,294.0,22.0,GL
83186.0,77.0,36.0,212.0,3.0,GL
83186.0,72.0,29.0,101.0,35.0,GL
83186.0,71.0,23.0,47.0,18.0,GL
83186.0,86.0,11.0,64.0,,GL
83186.0,79.0,7.0,337.0,1.0,GL
83186.0,65.0,7.0,153.0,42.0,GL
83186.0,76.0,3.0,181.0,43.0,GL
83186.0,31.0,61.0,201.0,42.0,GA
83186.0,33.0,60.0,35.0,,GA
83186.0,12.0,55.0,261.0,20.0,GA
83186.0,24.0,47.0,301.0,2.0,GA
83186.0,10.0,31.0,250.0,41.0,GA
83186.0,26.0,14.0,56.0,16.0,GA
83186.0,7.0,5.0,51.0,15.0,GA
83186.0,31.0,61.0,201.0,33.0,GA
83186.0,10.0,31.0,250.0,28.0,GA
83186.0,11.0,55.0,53.0,16.0,GB
83186.0,23.0,35.0,237.0,32.0,GB
83186.0,34.0,35.0,75.0,15.0,GB
83186.0,42.0,34.0,119.0,4.0,GB
83186.0,21.0,26.0,59.0,13.0,GB
83186.0,28.0,26.0,281.0,16.0,GB
83186.0,37.0,26.0,300.0,,GB
83186.0,14.0,25.0,147.0,4.0,GB
83186.0,25.0,11.0,190.0,50.0,GB
83186.0,33.0,11.0,169.0,45.0,GB
83186.0,12.0,8.0,82.0,,GB
83186.0,16.0,2.0,332.0,,GB
83186.0,23.0,35.0,237.0,34.0,GB
83186.0,42.0,34.0,119.0,31.0,GB
83186.0,25.0,11.0,190.0,36.0,GB
83186.0,33.0,11.0,169.0,3.0,GB
83186.0,,230626.0,,,GN
83186.0,,10514.619054,,0.01,GN
83186.0,,190324.0,,,GN
83186.0,,0.01,,0.0,GN
83187.0,12.0,11.0,5.0,29.0,GN
83187.0,6.0,28.0,19.0,9.0,GN
83187.0,,,,0.87,GN
83187.0,78.0,88.0,77.0,72.0,GN
83187.0,71.0,79.0,65.0,,GN
83187.0,,,,0.87,GN
83187.0,12.0,10.0,7.0,,GN
83187.0,,,,,GN
83187.0,,,,0.87,GN
83187.0,42.0,28.0,14.0,25.0,GN
83187.0,33.0,,,,GN
83187.0,,,,0.87,GN
83187.0,20.0,67.0,120.0,42.0,GP
83187.0,12.0,66.0,210.0,43.0,GP
83187.0,11.0,59.0,41.0,26.0,GP
83187.0,25.0,56.0,283.0,,GP
83187.0,44.0,42.0,197.0,46.0,GP
83187.0,5.0,42.0,176.0,46.0,GP
83187.0,29.0,26.0,299.0,23.0,GP
83187.0,6.0,23.0,54.0,2.0,GP
83187.0,28.0,7.0,308.0,21.0,GP
83187.0,19.0,7.0,102.0,33.0,GP
83187.0,9.0,5.0,53.0,19.0,GP
83187.0,87.0,51.0,24.0,19.0,GL
83187.0,78.0,43.0,296.0,25.0,GL
83187.0,88.0,42.0,294.0,30.0,GL
83187.0,77.0,36.0,212.0,2.0,GL
83187.0,72.0,29.0,101.0,35.0,GL
83187.0,71.0,23.0,47.0,17.0,GL
83187.0,86.0,11.0,64.0,,GL
83187.0,79.0,7.0,337.0,2.0,GL
83187.0,65.0,7.0,153.0,43.0,GL
83187.0,76.0,3.0,181.0,43.0,GL
83187.0,31.0,61.0,201.0,42.0,GA
83187.0,33.0,60.0,35.0,,GA
83187.0,12.0,55.0,261.0,19.0,GA
83187.0,24.0,47.0,301.0,2.0,GA
83187.0,10.0,31.0,250.0,41.0,GA
83187.0,26.0,14.0,56.0,16.0,GA
83187.0,11.0,5.0,244.0,,GA
83187.0,7.0,5.0,51.0,1.0,GA
83187.0,25.0,1.0,325.0,,GA
83187.0,31.0,61.0,201.0,32.0,GA
83187.0,10.0,31.0,250.0,28.0,GA
83187.0,11.0,55.0,53.0,16.0,GB
83187.0,23.0,35.0,237.0,32.0,GB
83187.0,34.0,35.0,75.0,16.0,GB
83187.0,42.0,34.0,119.0,4.0,GB
83187.0,21.0,26.0,59.0,,GB
83187.0,28.0,26.0,281.0,16.0,GB
83187.0,37.0,26.0,300.0,,GB
83187.0,14.0,25.0,147.0,4.0,GB
83187.0,25.0,11.0,190.0,50.0,GB
83187.0,33.0,11.0,169.0,45.0,GB
83187.0,12.0,8.0,82.0,,GB
83187.0,16.0,2.0,332.0,,GB
83187.0,23.0,35.0,237.0,34.0,GB
83187.0,42.0,34.0,119.0,31.0,GB
83187.0,25.0,11.0,190.0,36.0,GB
83187.0,33.0,11.0,169.0,3.0,GB
83187.0,,230627.0,,,GN
83187.0,,10514.619024,,0.01,GN
83187.0,,190324.0,,,GN
83187.0,,0.01,,0.0,GN
83188.0,12.0,11.0,5.0,29.0,GN
83188.0,28.0,19.0,9.0,,GN
83188.0,,,,0.87,GN
83188.0,78.0,88.0,77.0,72.0,GN
83188.0,71.0,86.0,79.0,65.0,GN
83188.0,,,,0.87,GN
83188.0,12.0,10.0,7.0,,GN
83188.0,,,,,GN
83188.0,,,,0.87,GN
83188.0,42.0,28.0,14.0,25.0,GN
83188.0,33.0,,,,GN
83188.0,,,,0.87,GN
83188.0,20.0,67.0,120.0,42.0,GP
83188.0,12.0,66.0,210.0,43.0,GP
83188.0,11.0,59.0,41.0,25.0,GP
83188.0,25.0,56.0,283.0,,GP
83188.0,44.0,42.0,197.0,46.0,GP
83188.0,5.0,42.0,176.0,46.0,GP
83188.0,29.0,26.0,299.0,22.0,GP
83188.0,6.0,23.0,54.0,,GP
83188.0,28.0,7.0,308.0,23.0,GP
83188.0,19.0,7.0,102.0,33.0,GP
83188.0,9.0,5.0,53.0,20.0,GP
83188.0,87.0,51.0,24.0,21.0,GL
83188.0,78.0,43.0,296.0,24.0,GL
83188.0,88.0,42.0,294.0,29.0,GL
83188.0,77.0,36.0,212.0,2.0,GL
83188.0,72.0,29.0,101.0,34.0,GL
83188.0,71.0,23.0,47.0,20.0,GL
83188.0,86.0,11.0,64.0,20.0,GL
83188.0,79.0,7.0,337.0,2.0,GL
83188.0,65.0,7.0,153.0,43.0,GL
83188.0,76.0,3.0,181.0,43.0,GL
83188.0,31.0,61.0,201.0,42.0,GA
83188.0,33.0,60.0,35.0,,GA
83188.0,12.0,55.0,261.0,19.0,GA
83188.0,24.0,47.0,301.0,2.0,GA
83188.0,10.0,31.0,250.0,41.0,GA
83188.0,26.0,14.0,56.0,16.0,GA
83188.0,11.0,5.0,244.0,,GA
83188.0,7.0,5.0,51.0,1.0,GA
83188.0,25.0,1.0,325.0,,GA
83188.0,31.0,61.0,201.0,32.0,GA
83188.0,10.0,31.0,250.0,28.0,GA
83188.0,11.0,55.0,53.0,15.0,GB
83188.0,23.0,35.0,237.0,33.0,GB
83188.0,34.0,35.0,75.0,17.0,GB
83188.0,42.0,34.0,119.0,4.0,GB
83188.0,21.0,26.0,59.0,,GB
83188.0,28.0,26.0,281.0,16.0,GB
83188.0,37.0,26.0,300.0,,GB
83188.0,14.0,25.0,147.0,4.0,GB
83188.0,25.0,11.0,190.0,50.0,GB
83188.0,33.0,11.0,169.0,45.0,GB
83188.0,12.0,8.0,82.0,,GB
83188.0,16.0,2.0,332.0,,GB
83188.0,23.0,35.0,237.0,34.0,GB
83188.0,42.0,34.0,119.0,31.0,GB
83188.0,25.0,11.0,190.0,36.0,GB
83188.0,33.0,11.0,169.0,3.0,GB
83188.0,,230628.0,,,GN
83188.0,,10514.61897,,0.01,GN
83188.0,,190324.0,,,GN
83188.0,,0.01,,0.0,GN
83189.0,12.0,11.0,5.0,29.0,GN
83189.0,28.0,19.0,9.0,,GN
83189.0,,,,0.87,GN
83189.0,78.0,88.0,77.0,72.0,GN
83189.0,71.0,86.0,65.0,79.0,GN
83189.0,,,,0.87,GN
83189.0,12.0,10.0,7.0,,GN
83189.0,,,,,GN
83189.0,,,,0.87,GN
83189.0,42.0,28.0,14.0,25.0,GN
83189.0,33.0,,,,GN
83189.0,,,,0.87,GN
83189.0,20.0,67.0,120.0,42.0,GP
83189.0,12.0,66.0,210.0,43.0,GP
83189.0,11.0,59.0,41.0,28.0,GP
83189.0,25.0,56.0,283.0,,GP
83189.0,44.0,42.0,197.0,46.0,GP
83189.0,5.0,42.0,176.0,46.0,GP
83189.0,29.0,26.0,299.0,24.0,GP
83189.0,6.0,23.0,54.0,,GP
83189.0,28.0,7.0,308.0,22.0,GP
83189.0,19.0,7.0,102.0,33.0,GP
83189.0,9.0,5.0,53.0,21.0,GP
83189.0,87.0,51.0,24.0,18.0,GL
83189.0,78.0,43.0,296.0,24.0,GL
83189.0,88.0,42.0,294.0,25.0,GL
83189.0,77.0,36.0,212.0,2.0,GL
83189.0,72.0,29.0,101.0,34.0,GL
83189.0,71.0,23.0,47.0,19.0,GL
83189.0,86.0,11.0,64.0,20.0,GL
83189.0,65.0,7.0,153.0,4.0,GL
83189.0,79.0,7.0,337.0,23.0,GL
83189.0,76.0,3.0,181.0,43.0,GL
83189.0,31.0,61.0,201.0,42.0,GA
83189.0,33.0,60.0,35.0,,GA
83189.0,12.0,55.0,261.0,19.0,GA
83189.0,24.0,47.0,301.0,2.0,GA
83189.0,10.0,31.0,250.0,41.0,GA
83189.0,26.0,14.0,56.0,15.0,GA
83189.0,11.0,5.0,244.0,,GA
83189.0,7.0,5.0,51.0,1.0,GA
83189.0,31.0,61.0,201.0,32.0,GA
83189.0,10.0,31.0,250.0,28.0,GA
83189.0,11.0,55.0,53.0,15.0,GB
83189.0,23.0,35.0,237.0,33.0,GB
83189.0,34.0,35.0,75.0,18.0,GB
83189.0,42.0,34.0,119.0,4.0,GB
83189.0,37.0,26.0,299.0,,GB
83189.0,28.0,26.0,281.0,15.0,GB
83189.0,21.0,26.0,59.0,,GB
83189.0,14.0,25.0,147.0,4.0,GB
83189.0,25.0,11.0,190.0,50.0,GB
83189.0,33.0,11.0,169.0,45.0,GB
83189.0,12.0,8.0,82.0,,GB
83189.0,23.0,35.0,237.0,34.0,GB
83189.0,42.0,34.0,119.0,31.0,GB
83189.0,25.0,11.0,190.0,36.0,GB
83189.0,33.0,11.0,169.0,3.0,GB
83189.0,,230629.0,,,GN
83189.0,,10514.618922,,0.01,GN
83189.0,,190324.0,,,GN
83189.0,,0.01,,0.0,GN
83190.0,12.0,11.0,25.0,5.0,GN
83190.0,29.0,28.0,19.0,9.0,GN
83190.0,,,,0.86,GN
83190.0,78.0,88.0,77.0,72.0,GN
83190.0,71.0,86.0,79.0,65.0,GN
83190.0,,,,0.86,GN
83190.0,12.0,10.0,7.0,,GN
83190.0,,,,,GN
83190.0,,,,0.86,GN
83190.0,42.0,28.0,14.0,25.0,GN
83190.0,33.0,,,,GN
83190.0,,,,0.86,GN
83190.0,20.0,67.0,120.0,42.0,GP
83190.0,12.0,66.0,210.0,43.0,GP
83190.0,11.0,59.0,41.0,28.0,GP
83190.0,25.0,56.0,283.0,2.0,GP
83190.0,44.0,42.0,197.0,46.0,GP
83190.0,5.0,42.0,176.0,46.0,GP
83190.0,29.0,26.0,299.0,21.0,GP
83190.0,6.0,23.0,54.0,,GP
83190.0,28.0,7.0,308.0,19.0,GP
83190.0,19.0,7.0,102.0,33.0,GP
83190.0,9.0,5.0,53.0,22.0,GP
83190.0,87.0,51.0,24.0,17.0,GL
83190.0,78.0,43.0,296.0,25.0,GL
83190.0,88.0,42.0,294.0,21.0,GL
83190.0,77.0,36.0,212.0,2.0,GL
83190.0,72.0,29.0,101.0,35.0,GL
83190.0,71.0,23.0,47.0,17.0,GL
83190.0,86.0,11.0,64.0,22.0,GL
83190.0,79.0,7.0,337.0,2.0,GL
83190.0,65.0,7.0,153.0,42.0,GL
83190.0,76.0,3.0,181.0,43.0,GL
83190.0,31.0,61.0,201.0,42.0,GA
83190.0,33.0,60.0,35.0,,GA
83190.0,12.0,55.0,261.0,19.0,GA
83190.0,24.0,47.0,301.0,2.0,GA
83190.0,10.0,31.0,250.0,41.0,GA
83190.0,26.0,14.0,56.0,14.0,GA
83190.0,11.0,5.0,244.0,,GA
83190.0,7.0,5.0,51.0,1.0,GA
83190.0,25.0,1.0,325.0,,GA
83190.0,31.0,61.0,201.0,32.0,GA
83190.0,10.0,31.0,250.0,27.0,GA
83190.0,11.0,55.0,53.0,15.0,GB
83190.0,23.0,35.0,237.0,33.0,GB
83190.0,34.0,35.0,75.0,18.0,GB
83190.0,42.0,34.0,119.0,4.0,GB
83190.0,21.0,26.0,59.0,,GB
83190.0,28.0,26.0,281.0,16.0,GB
83190.0,37.0,26.0,299.0,,GB
83190.0,14.0,25.0,147.0,4.0,GB
83190.0,25.0,11.0,190.0,50.0,GB
83190.0,33.0,11.0,169.0,45.0,GB
83190.0,12.0,8.0,82.0,,GB
83190.0,16.0,2.0,332.0,,GB
83190.0,23.0,35.0,237.0,34.0,GB
83190.0,42.0,34.0,119.0,31.0,GB
83190.0,25.0,11.0,190.0,36.0,GB
83190.0,33.0,11.0,169.0,3.0,GB
83190.0,,230630.0,,,GN
83190.0,,10514.61891,,0.01,GN
83190.0,,190324.0,,,GN
83190.0,,0.01,,0.0,GN
83191.0,12.0,11.0,25.0,5.0,GN
83191.0,29.0,28.0,19.0,9.0,GN
83191.0,,,,0.85,GN
83191.0,78.0,88.0,77.0,72.0,GN
83191.0,71.0,86.0,79.0,65.0,GN
83191.0,,,,0.85,GN
83191.0,12.0,10.0,7.0,,GN
83191.0,,,,,GN
83191.0,,,,0.85,GN
83191.0,42.0,37.0,28.0,14.0,GN
83191.0,25.0,33.0,,,GN
83191.0,,,,0.85,GN
83191.0,20.0,67.0,120.0,42.0,GP
83191.0,12.0,66.0,210.0,43.0,GP
83191.0,11.0,59.0,41.0,28.0,GP
83191.0,25.0,56.0,283.0,2.0,GP
83191.0,44.0,42.0,197.0,46.0,GP
83191.0,5.0,42.0,176.0,46.0,GP
83191.0,29.0,26.0,299.0,20.0,GP
83191.0,6.0,23.0,54.0,,GP
83191.0,28.0,7.0,308.0,17.0,GP
83191.0,19.0,7.0,102.0,33.0,GP
83191.0,9.0,5.0,53.0,22.0,GP
83191.0,87.0,51.0,24.0,22.0,GL
83191.0,78.0,43.0,296.0,26.0,GL
83191.0,88.0,42.0,294.0,22.0,GL
83191.0,77.0,36.0,212.0,2.0,GL
83191.0,72.0,29.0,101.0,36.0,GL
83191.0,71.0,23.0,47.0,19.0,GL
83191.0,86.0,11.0,64.0,22.0,GL
83191.0,79.0,7.0,337.0,2.0,GL
83191.0,65.0,7.0,153.0,42.0,GL
83191.0,76.0,3.0,181.0,43.0,GL
83191.0,31.0,61.0,201.0,42.0,GA
83191.0,33.0,60.0,35.0,,GA
83191.0,12.0,55.0,261.0,19.0,GA
83191.0,24.0,47.0,301.0,2.0,GA
83191.0,10.0,31.0,250.0,41.0,GA
83191.0,26.0,14.0,56.0,12.0,GA
83191.0,7.0,5.0,51.0,17.0,GA
83191.0,11.0,5.0,244.0,,GA
83191.0,25.0,1.0,325.0,,GA
83191.0,31.0,61.0,201.0,32.0,GA
83191.0,10.0,31.0,250.0,26.0,GA
83191.0,11.0,55.0,53.0,16.0,GB
83191.0,34.0,35.0,75.0,18.0,GB
83191.0,23.0,35.0,237.0,33.0,GB
83191.0,42.0,34.0,119.0,4.0,GB
83191.0,37.0,26.0,299.0,18.0,GB
83191.0,21.0,26.0,59.0,,GB
83191.0,28.0,26.0,281.0,14.0,GB
83191.0,14.0,25.0,147.0,4.0,GB
83191.0,25.0,11.0,190.0,50.0,GB
83191.0,33.0,11.0,169.0,45.0,GB
83191.0,12.0,8.0,82.0,,GB
83191.0,39.0,3.0,323.0,,GB
83191.0,16.0,2.0,332.0,,GB
83191.0,23.0,35.0,237.0,34.0,GB
83191.0,42.0,34.0,119.0,32.0,GB
83191.0,25.0,11.0,190.0,36.0,GB
83191.0,33.0,11.0,169.0,3.0,GB
83191.0,,230631.0,,,GN
83191.0,,10514.618916,,0.01,GN
83191.0,,190324.0,,,GN
83191.0,,0.01,,0.0,GN
83192.0,12.0,11.0,5.0,29.0,GN
83192.0,28.0,19.0,,,GN
83192.0,,,,0.88,GN
83192.0,78.0,88.0,77.0,72.0,GN
83192.0,71.0,86.0,79.0,65.0,GN
83192.0,,,,0.88,GN
83192.0,12.0,10.0,7.0,,GN
83192.0,,,,,GN
83192.0,,,,0.88,GN
83192.0,42.0,28.0,37.0,14.0,GN
83192.0,25.0,33.0,,,GN
83192.0,,,,0.88,GN
83192.0,20.0,67.0,120.0,42.0,GP
83192.0,12.0,66.0,210.0,43.0,GP
83192.0,11.0,59.0,41.0,27.0,GP
83192.0,25.0,56.0,283.0,,GP
83192.0,44.0,42.0,197.0,46.0,GP
83192.0,5.0,42.0,176.0,46.0,GP
83192.0,29.0,26.0,299.0,21.0,GP
83192.0,6.0,23.0,54.0,,GP
83192.0,28.0,7.0,308.0,17.0,GP
83192.0,19.0,7.0,102.0,33.0,GP
83192.0,9.0,5.0,53.0,,GP
83192.0,87.0,51.0,24.0,24.0,GL
83192.0,78.0,43.0,296.0,26.0,GL
83192.0,88.0,42.0,294.0,24.0,GL
83192.0,77.0,36.0,212.0,2.0,GL
83192.0,72.0,29.0,101.0,37.0,GL
83192.0,71.0,23.0,47.0,23.0,GL
83192.0,86.0,11.0,64.0,18.0,GL
83192.0,79.0,7.0,337.0,1.0,GL
83192.0,65.0,7.0,153.0,42.0,GL
83192.0,76.0,3.0,181.0,43.0,GL
83192.0,31.0,61.0,201.0,42.0,GA
83192.0,33.0,60.0,35.0,,GA
83192.0,12.0,55.0,261.0,19.0,GA
83192.0,24.0,47.0,301.0,2.0,GA
83192.0,10.0,31.0,250.0,41.0,GA
83192.0,26.0,14.0,56.0,11.0,GA
83192.0,11.0,5.0,244.0,,GA
83192.0,7.0,5.0,51.0,1.0,GA
83192.0,25.0,1.0,325.0,,GA
83192.0,31.0,61.0,201.0,32.0,GA
83192.0,10.0,31.0,250.0,26.0,GA
83192.0,11.0,55.0,53.0,17.0,GB
83192.0,23.0,35.0,237.0,33.0,GB
83192.0,34.0,35.0,75.0,18.0,GB
83192.0,42.0,34.0,119.0,4.0,GB
83192.0,21.0,26.0,59.0,,GB
83192.0,28.0,26.0,281.0,13.0,GB
83192.0,37.0,26.0,299.0,17.0,GB
83192.0,14.0,25.0,147.0,4.0,GB
83192.0,25.0,11.0,190.0,50.0,GB
83192.0,33.0,11.0,169.0,45.0,GB
83192.0,12.0,8.0,82.0,,GB
83192.0,16.0,2.0,332.0,,GB
83192.0,23.0,35.0,237.0,34.0,GB
83192.0,42.0,34.0,119.0,32.0,GB
83192.0,25.0,11.0,190.0,36.0,GB
83192.0,33.0,11.0,169.0,3.0,GB
83192.0,,230632.0,,,GN
83192.0,,10514.618934,,0.01,GN
83192.0,,190324.0,,,GN
83192.0,,0.01,,0.0,GN
83193.0,12.0,11.0,5.0,29.0,GN
83193.0,28.0,19.0,,,GN
83193.0,,,,0.88,GN
83193.0,78.0,88.0,77.0,72.0,GN
83193.0,71.0,86.0,79.0,65.0,GN
83193.0,,,,0.88,GN
83193.0,12.0,10.0,7.0,,GN
83193.0,,,,,GN
83193.0,,,,0.88,GN
83193.0,42.0,21.0,37.0,28.0,GN
83193.0,14.0,25.0,33.0,,GN
83193.0,,,,0.88,GN
83193.0,20.0,67.0,120.0,42.0,GP
83193.0,12.0,66.0,210.0,43.0,GP
83193.0,11.0,59.0,41.0,27.0,GP
83193.0,25.0,56.0,283.0,,GP
83193.0,44.0,42.0,197.0,46.0,GP
83193.0,5.0,42.0,176.0,46.0,GP
83193.0,29.0,26.0,299.0,21.0,GP
83193.0,6.0,23.0,54.0,,GP
83193.0,28.0,7.0,308.0,15.0,GP
83193.0,19.0,7.0,102.0,33.0,GP
83193.0,9.0,5.0,53.0,,GP
83193.0,87.0,51.0,24.0,19.0,GL
83193.0,78.0,43.0,296.0,22.0,GL
83193.0,88.0,42.0,294.0,23.0,GL
83193.0,77.0,36.0,212.0,2.0,GL
83193.0,72.0,29.0,101.0,37.0,GL
83193.0,71.0,23.0,47.0,25.0,GL
83193.0,86.0,11.0,64.0,18.0,GL
83193.0,79.0,7.0,337.0,1.0,GL
83193.0,65.0,7.0,153.0,42.0,GL
83193.0,76.0,3.0,181.0,43.0,GL
83193.0,31.0,61.0,201.0,42.0,GA
83193.0,33.0,60.0,35.0,18.0,GA
83193.0,12.0,55.0,261.0,19.0,GA
83193.0,24.0,47.0,301.0,2.0,GA
83193.0,10.0,31.0,250.0,40.0,GA
83193.0,26.0,14.0,56.0,11.0,GA
83193.0,7.0,5.0,51.0,16.0,GA
83193.0,11.0,5.0,244.0,,GA
83193.0,25.0,1.0,325.0,,GA
83193.0,31.0,61.0,201.0,32.0,GA
83193.0,10.0,31.0,250.0,26.0,GA
83193.0,43.0,71.0,2.0,,GB
83193.0,11.0,55.0,53.0,17.0,GB
83193.0,34.0,35.0,75.0,18.0,GB
83193.0,23.0,35.0,237.0,3.0,GB
83193.0,42.0,34.0,119.0,40.0,GB
83193.0,21.0,26.0,59.0,19.0,GB
83193.0,37.0,26.0,299.0,17.0,GB
83193.0,28.0,26.0,281.0,1.0,GB
83193.0,14.0,25.0,147.0,43.0,GB
83193.0,25.0,11.0,190.0,50.0,GB
83193.0,33.0,11.0,169.0,45.0,GB
83193.0,12.0,8.0,82.0,,GB
83193.0,16.0,2.0,332.0,,GB
83193.0,23.0,35.0,237.0,34.0,GB
83193.0,42.0,34.0,119.0,32.0,GB
83193.0,25.0,11.0,190.0,36.0,GB
83193.0,33.0,11.0,169.0,3.0,GB
83193.0,,230633.0,,,GN
83193.0,,10514.618916,,0.01,GN
83193.0,,190324.0,,,GN
83193.0,,0.01,,0.0,GN
83194.0,12.0,11.0,5.0,29.0,GN
83194.0,28.0,19.0,,,GN
83194.0,,,,0.88,GN
83194.0,78.0,88.0,77.0,72.0,GN
83194.0,71.0,86.0,79.0,65.0,GN
83194.0,,,,0.88,GN
83194.0,12.0,10.0,7.0,,GN
83194.0,,,,,GN
83194.0,,,,0.88,GN
83194.0,23.0,21.0,37.0,28.0,GN
83194.0,14.0,25.0,33.0,,GN
83194.0,,,,0.88,GN
83194.0,20.0,67.0,120.0,42.0,GP
83194.0,12.0,66.0,210.0,43.0,GP
83194.0,11.0,59.0,41.0,26.0,GP
83194.0,25.0,56.0,283.0,,GP
83194.0,44.0,42.0,197.0,46.0,GP
83194.0,5.0,42.0,176.0,46.0,GP
83194.0,29.0,26.0,299.0,20.0,GP
83194.0,6.0,23.0,54.0,,GP
83194.0,28.0,7.0,308.0,14.0,GP
83194.0,19.0,7.0,102.0,33.0,GP
83194.0,9.0,5.0,53.0,,GP
83194.0,87.0,51.0,24.0,16.0,GL
83194.0,78.0,43.0,296.0,19.0,GL
83194.0,88.0,42.0,294.0,20.0,GL
83194.0,77.0,36.0,212.0,2.0,GL
83194.0,72.0,29.0,101.0,37.0,GL
83194.0,71.0,23.0,47.0,27.0,GL
83194.0,86.0,11.0,64.0,17.0,GL
83194.0,79.0,7.0,337.0,1.0,GL
83194.0,65.0,7.0,153.0,42.0,GL
83194.0,76.0,3.0,181.0,43.0,GL
83194.0,31.0,61.0,201.0,42.0,GA
83194.0,33.0,60.0,35.0,19.0,GA
83194.0,12.0,55.0,261.0,19.0,GA
83194.0,24.0,47.0,301.0,2.0,GA
83194.0,10.0,31.0,250.0,40.0,GA
83194.0,26.0,14.0,56.0,11.0,GA
83194.0,7.0,5.0,51.0,15.0,GA
83194.0,11.0,5.0,244.0,,GA
83194.0,25.0,1.0,325.0,,GA
83194.0,31.0,61.0,201.0,32.0,GA
83194.0,10.0,31.0,250.0,26.0,GA
83194.0,43.0,71.0,2.0,,GB
83194.0,11.0,55.0,53.0,17.0,GB
83194.0,42.0,35.0,118.0,40.0,GB
83194.0,34.0,35.0,75.0,1.0,GB
83194.0,23.0,35.0,237.0,33.0,GB
83194.0,21.0,26.0,59.0,20.0,GB
83194.0,37.0,26.0,299.0,17.0,GB
83194.0,28.0,26.0,281.0,1.0,GB
83194.0,14.0,25.0,147.0,43.0,GB
83194.0,25.0,11.0,190.0,50.0,GB
83194.0,33.0,11.0,169.0,45.0,GB
83194.0,12.0,8.0,82.0,,GB
83194.0,16.0,2.0,332.0,,GB
83194.0,23.0,35.0,237.0,34.0,GB
83194.0,42.0,35.0,118.0,32.0,GB
83194.0,25.0,11.0,190.0,36.0,GB
83194.0,33.0,11.0,169.0,3.0,GB
83194.0,,230634.0,,,GN
83194.0,,10514.618916,,0.01,GN
83194.0,,190324.0,,,GN
83194.0,,0.01,,0.0,GN
83195.0,12.0,11.0,5.0,29.0,GN
83195.0,28.0,19.0,,,GN
83195.0,,,,0.88,GN
83195.0,78.0,88.0,77.0,72.0,GN
83195.0,71.0,86.0,79.0,65.0,GN
83195.0,,,,0.88,GN
83195.0,12.0,10.0,7.0,,GN
83195.0,,,,,GN
83195.0,,,,0.88,GN
83195.0,23.0,21.0,37.0,28.0,GN
83195.0,14.0,25.0,33.0,,GN
83195.0,,,,0.88,GN
83195.0,20.0,67.0,120.0,42.0,GP
83195.0,12.0,66.0,210.0,43.0,GP
83195.0,11.0,59.0,41.0,23.0,GP
83195.0,25.0,56.0,283.0,,GP
83195.0,44.0,42.0,197.0,46.0,GP
83195.0,5.0,42.0,176.0,46.0,GP
83195.0,29.0,26.0,299.0,19.0,GP
83195.0,6.0,23.0,54.0,,GP
83195.0,28.0,7.0,308.0,14.0,GP
83195.0,19.0,7.0,102.0,33.0,GP
83195.0,9.0,5.0,53.0,,GP
83195.0,87.0,51.0,24.0,17.0,GL
83195.0,78.0,43.0,296.0,20.0,GL
83195.0,88.0,42.0,294.0,19.0,GL
83195.0,77.0,36.0,212.0,2.0,GL
83195.0,72.0,29.0,101.0,37.0,GL
83195.0,71.0,23.0,47.0,24.0,GL
83195.0,86.0,11.0,64.0,14.0,GL
83195.0,79.0,7.0,337.0,1.0,GL
83195.0,65.0,7.0,153.0,42.0,GL
83195.0,76.0,3.0,181.0,43.0,GL
83195.0,31.0,61.0,201.0,42.0,GA
83195.0,33.0,60.0,35.0,18.0,GA
83195.0,12.0,55.0,261.0,19.0,GA
83195.0,24.0,47.0,301.0,1.0,GA
83195.0,10.0,31.0,250.0,40.0,GA
83195.0,26.0,14.0,56.0,10.0,GA
83195.0,7.0,5.0,51.0,14.0,GA
83195.0,11.0,5.0,244.0,,GA
83195.0,25.0,1.0,325.0,,GA
83195.0,31.0,61.0,201.0,32.0,GA
83195.0,10.0,31.0,250.0,26.0,GA
83195.0,43.0,71.0,5.0,,GB
83195.0,11.0,55.0,53.0,17.0,GB
83195.0,42.0,35.0,118.0,40.0,GB
83195.0,34.0,35.0,75.0,1.0,GB
83195.0,23.0,35.0,237.0,33.0,GB
83195.0,21.0,26.0,59.0,18.0,GB
83195.0,37.0,26.0,299.0,17.0,GB
83195.0,28.0,26.0,281.0,1.0,GB
83195.0,14.0,25.0,147.0,43.0,GB
83195.0,25.0,11.0,190.0,50.0,GB
83195.0,33.0,11.0,169.0,45.0,GB
83195.0,12.0,8.0,82.0,,GB
83195.0,16.0,2.0,332.0,,GB
83195.0,23.0,35.0,237.0,34.0,GB
83195.0,42.0,35.0,118.0,32.0,GB
83195.0,25.0,11.0,190.0,36.0,GB
83195.0,33.0,11.0,169.0,3.0,GB
83195.0,,230635.0,,,GN
83195.0,,10514.61894,,0.01,GN
83195.0,,190324.0,,,GN
83195.0,,0.01,,0.0,GN
83196.0,12.0,11.0,25.0,5.0,GN
83196.0,29.0,28.0,19.0,,GN
83196.0,,,,0.85,GN
83196.0,78.0,88.0,77.0,72.0,GN
83196.0,71.0,86.0,79.0,65.0,GN
83196.0,,,,0.85,GN
83196.0,12.0,10.0,7.0,,GN
83196.0,,,,,GN
83196.0,,,,0.85,GN
83196.0,23.0,21.0,37.0,28.0,GN
83196.0,14.0,25.0,33.0,,GN
83196.0,,,,0.85,GN
83196.0,20.0,67.0,120.0,42.0,GP
83196.0,12.0,66.0,210.0,43.0,GP
83196.0,11.0,59.0,41.0,21.0,GP
83196.0,25.0,56.0,283.0,2.0,GP
83196.0,44.0,42.0,197.0,46.0,GP
83196.0,5.0,42.0,176.0,46.0,GP
83196.0,29.0,26.0,299.0,19.0,GP
83196.0,6.0,23.0,54.0,,GP
83196.0,28.0,7.0,308.0,15.0,GP
83196.0,19.0,7.0,102.0,33.0,GP
83196.0,9.0,5.0,53.0,,GP
83196.0,87.0,51.0,24.0,15.0,GL
83196.0,78.0,43.0,296.0,26.0,GL
83196.0,88.0,42.0,294.0,19.0,GL
83196.0,77.0,36.0,212.0,2.0,GL
83196.0,72.0,29.0,101.0,36.0,GL
83196.0,71.0,23.0,47.0,19.0,GL
83196.0,86.0,11.0,64.0,13.0,GL
83196.0,79.0,7.0,337.0,2.0,GL
83196.0,65.0,7.0,153.0,42.0,GL
83196.0,76.0,3.0,181.0,43.0,GL
83196.0,31.0,61.0,201.0,42.0,GA
83196.0,33.0,60.0,35.0,19.0,GA
83196.0,12.0,55.0,261.0,20.0,GA
83196.0,24.0,47.0,301.0,1.0,GA
83196.0,10.0,31.0,250.0,40.0,GA
83196.0,26.0,14.0,56.0,10.0,GA
83196.0,7.0,5.0,51.0,14.0,GA
83196.0,11.0,5.0,244.0,,GA
83196.0,25.0,1.0,325.0,,GA
83196.0,31.0,61.0,201.0,32.0,GA
83196.0,10.0,31.0,250.0,26.0,GA
83196.0,43.0,71.0,5.0,18.0,GB
83196.0,11.0,55.0,53.0,18.0,GB
83196.0,42.0,35.0,118.0,40.0,GB
83196.0,34.0,35.0,75.0,1.0,GB
83196.0,23.0,35.0,237.0,33.0,GB
83196.0,21.0,26.0,59.0,18.0,GB
83196.0,37.0,26.0,299.0,17.0,GB
83196.0,28.0,26.0,281.0,1.0,GB
83196.0,14.0,25.0,147.0,43.0,GB
83196.0,25.0,11.0,190.0,50.0,GB
83196.0,33.0,11.0,169.0,45.0,GB
83196.0,12.0,8.0,82.0,,GB
83196.0,16.0,2.0,332.0,,GB
83196.0,23.0,35.0,237.0,35.0,GB
83196.0,42.0,35.0,118.0,32.0,GB
83196.0,25.0,11.0,190.0,36.0,GB
83196.0,33.0,11.0,169.0,3.0,GB
83196.0,,230636.0,,,GN
83196.0,,10514.618976,,0.01,GN
83196.0,,190324.0,,,GN
83196.0,,0.01,,0.0,GN
83197.0,12.0,11.0,5.0,29.0,GN
83197.0,28.0,19.0,,,GN
83197.0,,,,0.88,GN
83197.0,78.0,88.0,77.0,72.0,GN
83197.0,71.0,86.0,79.0,65.0,GN
83197.0,,,,0.88,GN
83197.0,12.0,10.0,7.0,,GN
83197.0,,,,,GN
83197.0,,,,0.88,GN
83197.0,42.0,37.0,28.0,21.0,GN
83197.0,14.0,25.0,33.0,,GN
83197.0,,,,0.88,GN
83197.0,20.0,67.0,120.0,42.0,GP
83197.0,12.0,66.0,210.0,43.0,GP
83197.0,11.0,59.0,41.0,17.0,GP
83197.0,25.0,56.0,283.0,,GP
83197.0,44.0,42.0,197.0,46.0,GP
83197.0,5.0,42.0,176.0,46.0,GP
83197.0,29.0,26.0,299.0,19.0,GP
83197.0,6.0,23.0,54.0,1.0,GP
83197.0,28.0,7.0,308.0,17.0,GP
83197.0,19.0,7.0,102.0,33.0,GP
83197.0,9.0,5.0,53.0,,GP
83197.0,87.0,51.0,24.0,15.0,GL
83197.0,78.0,43.0,296.0,28.0,GL
83197.0,88.0,42.0,294.0,17.0,GL
83197.0,77.0,36.0,212.0,2.0,GL
83197.0,72.0,29.0,101.0,36.0,GL
83197.0,71.0,23.0,47.0,17.0,GL
83197.0,86.0,11.0,64.0,14.0,GL
83197.0,79.0,7.0,337.0,2.0,GL
83197.0,65.0,7.0,153.0,43.0,GL
83197.0,76.0,3.0,181.0,43.0,GL
83197.0,31.0,61.0,201.0,42.0,GA
83197.0,33.0,60.0,35.0,19.0,GA
83197.0,12.0,55.0,261.0,21.0,GA
83197.0,24.0,47.0,301.0,1.0,GA
83197.0,10.0,31.0,250.0,39.0,GA
83197.0,26.0,14.0,56.0,10.0,GA
83197.0,11.0,5.0,244.0,,GA
83197.0,7.0,5.0,51.0,1.0,GA
83197.0,25.0,1.0,325.0,,GA
83197.0,31.0,61.0,201.0,32.0,GA
83197.0,10.0,31.0,250.0,26.0,GA
83197.0,11.0,55.0,53.0,19.0,GB
83197.0,23.0,35.0,237.0,33.0,GB
83197.0,34.0,35.0,75.0,17.0,GB
83197.0,42.0,35.0,118.0,4.0,GB
83197.0,37.0,26.0,299.0,17.0,GB
83197.0,28.0,26.0,281.0,18.0,GB
83197.0,21.0,26.0,59.0,19.0,GB
83197.0,14.0,25.0,147.0,4.0,GB
83197.0,25.0,11.0,190.0,50.0,GB
83197.0,33.0,11.0,169.0,45.0,GB
83197.0,12.0,8.0,82.0,,GB
83197.0,16.0,2.0,332.0,,GB
83197.0,23.0,35.0,237.0,35.0,GB
83197.0,42.0,35.0,118.0,32.0,GB
83197.0,25.0,11.0,190.0,36.0,GB
83197.0,33.0,11.0,169.0,3.0,GB
83197.0,,230637.0,,,GN
83197.0,,10514.619006,,0.01,GN
83197.0,,190324.0,,,GN
83197.0,,0.01,,0.0,GN
83198.0,12.0,11.0,5.0,29.0,GN
83198.0,28.0,19.0,,,GN
83198.0,,,,0.88,GN
83198.0,78.0,88.0,77.0,72.0,GN
83198.0,71.0,86.0,79.0,65.0,GN
83198.0,,,,0.88,GN
83198.0,12.0,10.0,7.0,,GN
83198.0,,,,,GN
83198.0,,,,0.88,GN
83198.0,23.0,37.0,21.0,28.0,GN
83198.0,14.0,25.0,33.0,,GN
83198.0,,,,0.88,GN
83198.0,20.0,67.0,120.0,42.0,GP
83198.0,12.0,66.0,210.0,43.0,GP
83198.0,11.0,59.0,41.0,15.0,GP
83198.0,25.0,56.0,283.0,,GP
83198.0,44.0,42.0,197.0,46.0,GP
83198.0,5.0,42.0,176.0,46.0,GP
83198.0,29.0,26.0,299.0,20.0,GP
83198.0,6.0,23.0,54.0,,GP
83198.0,28.0,7.0,308.0,17.0,GP
83198.0,19.0,7.0,102.0,33.0,GP
83198.0,9.0,5.0,53.0,,GP
83198.0,87.0,51.0,24.0,20.0,GL
83198.0,78.0,43.0,296.0,31.0,GL
83198.0,88.0,42.0,294.0,20.0,GL
83198.0,77.0,36.0,212.0,2.0,GL
83198.0,72.0,29.0,101.0,36.0,GL
83198.0,71.0,23.0,47.0,24.0,GL
83198.0,86.0,11.0,64.0,17.0,GL
83198.0,79.0,7.0,337.0,2.0,GL
83198.0,65.0,7.0,153.0,43.0,GL
83198.0,76.0,3.0,181.0,43.0,GL
83198.0,31.0,61.0,201.0,42.0,GA
83198.0,33.0,60.0,35.0,19.0,GA
83198.0,12.0,55.0,261.0,21.0,GA
83198.0,24.0,47.0,301.0,1.0,GA
83198.0,10.0,31.0,250.0,38.0,GA
83198.0,26.0,14.0,56.0,11.0,GA
83198.0,7.0,5.0,51.0,13.0,GA
83198.0,11.0,5.0,244.0,,GA
83198.0,25.0,1.0,325.0,,GA
83198.0,31.0,61.0,201.0,32.0,GA
83198.0,10.0,31.0,250.0,26.0,GA
83198.0,11.0,55.0,53.0,19.0,GB
83198.0,34.0,35.0,75.0,16.0,GB
83198.0,42.0,35.0,118.0,40.0,GB
83198.0,23.0,35.0,237.0,3.0,GB
83198.0,37.0,26.0,299.0,18.0,GB
83198.0,21.0,26.0,59.0,18.0,GB
83198.0,28.0,26.0,281.0,17.0,GB
83198.0,14.0,25.0,147.0,4.0,GB
83198.0,25.0,11.0,190.0,50.0,GB
83198.0,33.0,11.0,169.0,45.0,GB
83198.0,12.0,8.0,82.0,,GB
83198.0,39.0,3.0,323.0,,GB
83198.0,16.0,2.0,332.0,,GB
83198.0,23.0,35.0,237.0,35.0,GB
83198.0,42.0,35.0,118.0,32.0,GB
83198.0,25.0,11.0,190.0,36.0,GB
83198.0,33.0,11.0,169.0,3.0,GB
83198.0,,230638.0,,,GN
83198.0,,10514.619024,,0.01,GN
83198.0,,190324.0,,,GN
83198.0,,0.01,,0.0,GN
83199.0,12.0,11.0,5.0,29.0,GN
83199.0,28.0,19.0,,,GN
83199.0,,,,0.88,GN
83199.0,78.0,88.0,77.0,72.0,GN
83199.0,71.0,86.0,79.0,65.0,GN
83199.0,,,,0.88,GN
83199.0,12.0,10.0,7.0,,GN
83199.0,,,,,GN
83199.0,,,,0.88,GN
83199.0,23.0,21.0,37.0,14.0,GN
83199.0,25.0,33.0,,,GN
83199.0,,,,0.88,GN
83199.0,20.0,67.0,120.0,42.0,GP
83199.0,12.0,66.0,210.0,43.0,GP
83199.0,11.0,59.0,41.0,17.0,GP
83199.0,25.0,56.0,283.0,,GP
83199.0,44.0,42.0,197.0,46.0,GP
83199.0,5.0,42.0,176.0,46.0,GP
83199.0,29.0,26.0,299.0,19.0,GP
83199.0,6.0,23.0,54.0,,GP
83199.0,28.0,7.0,308.0,18.0,GP
83199.0,19.0,7.0,102.0,33.0,GP
83199.0,9.0,5.0,53.0,,GP
83199.0,87.0,51.0,24.0,19.0,GL
83199.0,78.0,43.0,296.0,32.0,GL
83199.0,88.0,42.0,294.0,28.0,GL
83199.0,77.0,36.0,212.0,2.0,GL
83199.0,72.0,29.0,101.0,36.0,GL
83199.0,71.0,23.0,47.0,26.0,GL
83199.0,86.0,11.0,64.0,17.0,GL
83199.0,79.0,7.0,337.0,2.0,GL
83199.0,65.0,7.0,153.0,43.0,GL
83199.0,76.0,3.0,181.0,43.0,GL
83199.0,31.0,61.0,201.0,42.0,GA
83199.0,33.0,60.0,35.0,19.0,GA
83199.0,12.0,55.0,261.0,22.0,GA
83199.0,24.0,47.0,301.0,1.0,GA
83199.0,10.0,31.0,250.0,38.0,GA
83199.0,26.0,14.0,56.0,10.0,GA
83199.0,7.0,5.0,51.0,12.0,GA
83199.0,11.0,5.0,244.0,,GA
83199.0,25.0,1.0,325.0,,GA
83199.0,31.0,61.0,201.0,32.0,GA
83199.0,10.0,31.0,250.0,26.0,GA
83199.0,43.0,71.0,5.0,,GB
83199.0,11.0,55.0,53.0,19.0,GB
83199.0,42.0,35.0,118.0,40.0,GB
83199.0,34.0,35.0,75.0,1.0,GB
83199.0,23.0,35.0,237.0,33.0,GB
83199.0,21.0,26.0,59.0,17.0,GB
83199.0,37.0,26.0,299.0,18.0,GB
83199.0,28.0,26.0,281.0,,GB
83199.0,14.0,25.0,147.0,43.0,GB
83199.0,25.0,11.0,190.0,50.0,GB
83199.0,33.0,11.0,169.0,45.0,GB
83199.0,12.0,8.0,82.0,,GB
83199.0,16.0,2.0,332.0,,GB
83199.0,23.0,35.0,237.0,35.0,GB
83199.0,42.0,35.0,118.0,32.0,GB
83199.0,25.0,11.0,190.0,36.0,GB
83199.0,33.0,11.0,169.0,3.0,GB
83199.0,,230639.0,,,GN
83199.0,,10514.619048,,0.01,GN
83199.0,,190324.0,,,GN
83199.0,,0.01,,0.0,GN
83200.0,12.0,11.0,25.0,5.0,GN
83200.0,28.0,19.0,,,GN
83200.0,,,,0.9,GN
83200.0,78.0,88.0,77.0,72.0,GN
83200.0,71.0,86.0,79.0,65.0,GN
83200.0,,,,0.9,GN
83200.0,12.0,10.0,,,GN
83200.0,,,,,GN
83200.0,,,,0.9,GN
83200.0,23.0,21.0,37.0,14.0,GN
83200.0,25.0,33.0,,,GN
83200.0,,,,0.9,GN
83200.0,20.0,67.0,120.0,42.0,GP
83200.0,12.0,66.0,210.0,43.0,GP
83200.0,11.0,59.0,41.0,19.0,GP
83200.0,25.0,56.0,283.0,2.0,GP
83200.0,44.0,42.0,197.0,46.0,GP
83200.0,5.0,42.0,176.0,46.0,GP
83200.0,29.0,26.0,299.0,,GP
83200.0,6.0,23.0,54.0,,GP
83200.0,28.0,7.0,308.0,19.0,GP
83200.0,19.0,7.0,102.0,33.0,GP
83200.0,9.0,5.0,53.0,,GP
83200.0,87.0,51.0,24.0,17.0,GL
83200.0,78.0,43.0,296.0,31.0,GL
83200.0,88.0,42.0,294.0,29.0,GL
83200.0,77.0,36.0,212.0,2.0,GL
83200.0,72.0,29.0,101.0,36.0,GL
83200.0,71.0,23.0,47.0,21.0,GL
83200.0,86.0,11.0,64.0,15.0,GL
83200.0,79.0,7.0,337.0,2.0,GL
83200.0,65.0,7.0,153.0,43.0,GL
83200.0,76.0,3.0,181.0,43.0,GL
83200.0,31.0,61.0,201.0,42.0,GA
83200.0,33.0,60.0,35.0,18.0,GA
83200.0,12.0,55.0,261.0,22.0,GA
83200.0,24.0,47.0,301.0,1.0,GA
83200.0,10.0,31.0,250.0,38.0,GA
83200.0,26.0,14.0,56.0,10.0,GA
83200.0,7.0,5.0,51.0,11.0,GA
83200.0,11.0,5.0,244.0,,GA
83200.0,25.0,1.0,325.0,,GA
83200.0,31.0,61.0,201.0,32.0,GA
83200.0,10.0,31.0,250.0,26.0,GA
83200.0,43.0,71.0,5.0,,GB
83200.0,11.0,55.0,53.0,19.0,GB
83200.0,42.0,35.0,118.0,40.0,GB
83200.0,34.0,35.0,75.0,1.0,GB
83200.0,23.0,35.0,237.0,33.0,GB
83200.0,21.0,26.0,59.0,18.0,GB
83200.0,37.0,26.0,299.0,17.0,GB
83200.0,28.0,26.0,281.0,,GB
83200.0,14.0,25.0,147.0,43.0,GB
83200.0,25.0,11.0,190.0,50.0,GB
83200.0,33.0,11.0,169.0,45.0,GB
83200.0,12.0,8.0,82.0,,GB
83200.0,16.0,2.0,332.0,,GB
83200.0,23.0,35.0,237.0,35.0,GB
83200.0,42.0,35.0,118.0,32.0,GB
83200.0,25.0,11.0,190.0,36.0,GB
83200.0,33.0,11.0,169.0,3.0,GB
83200.0,,230640.0,,,GN
83200.0,,10514.619096,,0.01,GN
83200.0,,190324.0,,,GN
83200.0,,0.01,,0.0,GN
83201.0,12.0,11.0,5.0,28.0,GN
83201.0,19.0,9.0,,,GN
83201.0,,,,0.88,GN
83201.0,78.0,88.0,77.0,72.0,GN
83201.0,71.0,86.0,79.0,65.0,GN
83201.0,,,,0.88,GN
83201.0,12.0,10.0,,,GN
83201.0,,,,,GN
83201.0,,,,0.88,GN
83201.0,23.0,21.0,37.0,28.0,GN
83201.0,14.0,25.0,33.0,,GN
83201.0,,,,0.88,GN
83201.0,20.0,67.0,120.0,42.0,GP
83201.0,12.0,66.0,210.0,43.0,GP
83201.0,11.0,59.0,41.0,22.0,GP
83201.0,25.0,56.0,283.0,,GP
83201.0,44.0,42.0,197.0,46.0,GP
83201.0,5.0,42.0,176.0,46.0,GP
83201.0,29.0,26.0,299.0,,GP
83201.0,6.0,23.0,54.0,,GP
83201.0,28.0,7.0,308.0,20.0,GP
83201.0,19.0,7.0,102.0,32.0,GP
83201.0,9.0,5.0,53.0,17.0,GP
83201.0,87.0,51.0,24.0,16.0,GL
83201.0,78.0,43.0,296.0,30.0,GL
83201.0,88.0,42.0,294.0,25.0,GL
83201.0,77.0,36.0,212.0,2.0,GL
83201.0,72.0,29.0,101.0,35.0,GL
83201.0,71.0,23.0,47.0,17.0,GL
83201.0,86.0,11.0,64.0,16.0,GL
83201.0,79.0,7.0,337.0,2.0,GL
83201.0,65.0,7.0,153.0,43.0,GL
83201.0,76.0,3.0,181.0,43.0,GL
83201.0,31.0,61.0,201.0,42.0,GA
83201.0,33.0,60.0,35.0,18.0,GA
83201.0,12.0,55.0,261.0,22.0,GA
83201.0,24.0,47.0,301.0,2.0,GA
83201.0,10.0,31.0,250.0,37.0,GA
83201.0,26.0,14.0,56.0,10.0,GA
83201.0,7.0,5.0,51.0,10.0,GA
83201.0,11.0,5.0,244.0,,GA
83201.0,25.0,1.0,325.0,,GA
83201.0,31.0,61.0,201.0,32.0,GA
83201.0,10.0,31.0,250.0,26.0,GA
83201.0,43.0,71.0,5.0,,GB
83201.0,11.0,55.0,53.0,18.0,GB
83201.0,42.0,35.0,118.0,40.0,GB
83201.0,34.0,35.0,75.0,1.0,GB
83201.0,23.0,35.0,237.0,34.0,GB
83201.0,21.0,26.0,59.0,19.0,GB
83201.0,37.0,26.0,299.0,15.0,GB
83201.0,28.0,26.0,281.0,2.0,GB
83201.0,14.0,25.0,147.0,43.0,GB
83201.0,25.0,11.0,190.0,50.0,GB
83201.0,33.0,11.0,169.0,45.0,GB
83201.0,12.0,8.0,82.0,,GB
83201.0,16.0,2.0,332.0,,GB
83201.0,23.0,35.0,237.0,35.0,GB
83201.0,42.0,35.0,118.0,33.0,GB
83201.0,25.0,11.0,190.0,36.0,GB
83201.0,33.0,11.0,169.0,3.0,GB
83201.0,,230641.0,,,GN
83201.0,,10514.619114,,0.01,GN
83201.0,,190324.0,,,GN
83201.0,,0.01,,0.0,GN
83202.0,12.0,11.0,5.0,29.0,GN
83202.0,28.0,19.0,9.0,,GN
83202.0,,,,0.85,GN
83202.0,78.0,88.0,77.0,72.0,GN
83202.0,71.0,86.0,79.0,65.0,GN
83202.0,,,,0.85,GN
83202.0,12.0,10.0,7.0,,GN
83202.0,,,,,GN
83202.0,,,,0.85,GN
83202.0,23.0,21.0,37.0,28.0,GN
83202.0,14.0,25.0,33.0,,GN
83202.0,,,,0.85,GN
83202.0,20.0,67.0,120.0,42.0,GP
83202.0,12.0,66.0,210.0,43.0,GP
83202.0,11.0,59.0,41.0,23.0,GP
83202.0,25.0,56.0,283.0,,GP
83202.0,44.0,42.0,197.0,46.0,GP
83202.0,5.0,42.0,176.0,46.0,GP
83202.0,29.0,26.0,299.0,16.0,GP
83202.0,6.0,23.0,54.0,,GP
83202.0,28.0,7.0,308.0,21.0,GP
83202.0,19.0,7.0,102.0,32.0,GP
83202.0,9.0,5.0,53.0,17.0,GP
83202.0,87.0,51.0,24.0,15.0,GL
83202.0,78.0,43.0,296.0,29.0,GL
83202.0,88.0,42.0,294.0,23.0,GL
83202.0,77.0,36.0,212.0,2.0,GL
83202.0,72.0,29.0,101.0,34.0,GL
83202.0,71.0,23.0,47.0,16.0,GL
83202.0,86.0,11.0,64.0,14.0,GL
83202.0,79.0,7.0,337.0,2.0,GL
83202.0,65.0,7.0,153.0,43.0,GL
83202.0,76.0,3.0,181.0,43.0,GL
83202.0,31.0,61.0,201.0,42.0,GA
83202.0,33.0,60.0,35.0,18.0,GA
83202.0,12.0,55.0,261.0,22.0,GA
83202.0,24.0,47.0,301.0,2.0,GA
83202.0,10.0,31.0,250.0,37.0,GA
83202.0,26.0,14.0,56.0,10.0,GA
83202.0,7.0,5.0,51.0,10.0,GA
83202.0,11.0,5.0,244.0,,GA
83202.0,25.0,1.0,325.0,,GA
83202.0,31.0,61.0,201.0,32.0,GA
83202.0,10.0,31.0,250.0,27.0,GA
83202.0,43.0,71.0,5.0,,GB
83202.0,11.0,55.0,53.0,17.0,GB
83202.0,42.0,35.0,118.0,40.0,GB
83202.0,34.0,35.0,75.0,1.0,GB
83202.0,23.0,35.0,237.0,35.0,GB
83202.0,21.0,26.0,59.0,20.0,GB
83202.0,37.0,26.0,299.0,17.0,GB
83202.0,28.0,26.0,281.0,2.0,GB
83202.0,14.0,25.0,147.0,43.0,GB
83202.0,25.0,11.0,190.0,50.0,GB
83202.0,33.0,11.0,169.0,45.0,GB
83202.0,12.0,8.0,82.0,,GB
83202.0,16.0,2.0,332.0,,GB
83202.0,23.0,35.0,237.0,35.0,GB
83202.0,42.0,35.0,118.0,33.0,GB
83202.0,25.0,11.0,190.0,36.0,GB
83202.0,33.0,11.0,169.0,3.0,GB
83202.0,,230642.0,,,GN
83202.0,,10514.61915,,0.01,GN
83202.0,,190324.0,,,GN
83202.0,,0.01,,0.0,GN
83203.0,12.0,11.0,5.0,29.0,GN
83203.0,28.0,19.0,9.0,,GN
83203.0,,,,0.87,GN
83203.0,78.0,88.0,77.0,72.0,GN
83203.0,71.0,86.0,79.0,65.0,GN
83203.0,,,,0.87,GN
83203.0,12.0,10.0,7.0,,GN
83203.0,,,,,GN
83203.0,,,,0.87,GN
83203.0,23.0,21.0,14.0,25.0,GN
83203.0,33.0,,,,GN
83203.0,,,,0.87,GN
83203.0,20.0,67.0,120.0,42.0,GP
83203.0,12.0,66.0,210.0,43.0,GP
83203.0,11.0,59.0,41.0,22.0,GP
83203.0,25.0,56.0,283.0,,GP
83203.0,44.0,42.0,197.0,46.0,GP
83203.0,5.0,42.0,176.0,46.0,GP
83203.0,29.0,26.0,299.0,20.0,GP
83203.0,6.0,23.0,54.0,,GP
83203.0,28.0,7.0,308.0,21.0,GP
83203.0,19.0,7.0,102.0,32.0,GP
83203.0,9.0,5.0,53.0,16.0,GP
83203.0,87.0,51.0,24.0,15.0,GL
83203.0,78.0,43.0,296.0,20.0,GL
83203.0,88.0,42.0,294.0,21.0,GL
83203.0,77.0,36.0,212.0,2.0,GL
83203.0,72.0,29.0,101.0,32.0,GL
83203.0,71.0,23.0,47.0,19.0,GL
83203.0,86.0,11.0,64.0,17.0,GL
83203.0,79.0,7.0,337.0,2.0,GL
83203.0,65.0,7.0,153.0,43.0,GL
83203.0,76.0,3.0,181.0,43.0,GL
83203.0,31.0,61.0,201.0,42.0,GA
83203.0,33.0,60.0,35.0,18.0,GA
83203.0,12.0,55.0,261.0,22.0,GA
83203.0,24.0,47.0,301.0,2.0,GA
83203.0,10.0,31.0,250.0,37.0,GA
83203.0,26.0,14.0,56.0,10.0,GA
83203.0,7.0,5.0,51.0,11.0,GA
83203.0,11.0,5.0,244.0,,GA
83203.0,25.0,1.0,325.0,,GA
83203.0,31.0,61.0,201.0,32.0,GA
83203.0,10.0,31.0,250.0,26.0,GA
83203.0,43.0,71.0,5.0,,GB
83203.0,11.0,55.0,53.0,17.0,GB
83203.0,42.0,35.0,118.0,40.0,GB
83203.0,34.0,35.0,75.0,1.0,GB
83203.0,23.0,35.0,237.0,36.0,GB
83203.0,21.0,26.0,59.0,20.0,GB
83203.0,37.0,26.0,299.0,,GB
83203.0,28.0,26.0,281.0,,GB
83203.0,14.0,25.0,147.0,43.0,GB
83203.0,25.0,11.0,190.0,50.0,GB
83203.0,33.0,11.0,169.0,45.0,GB
83203.0,12.0,8.0,82.0,,GB
83203.0,16.0,2.0,332.0,,GB
83203.0,23.0,35.0,237.0,35.0,GB
83203.0,42.0,35.0,118.0,33.0,GB
83203.0,25.0,11.0,190.0,36.0,GB
83203.0,33.0,11.0,169.0,3.0,GB
83203.0,,230643.0,,,GN
83203.0,,10514.619174,,0.01,GN
83203.0,,190324.0,,,GN
83203.0,,0.01,,0.0,GN
83204.0,12.0,11.0,5.0,29.0,GN
83204.0,28.0,19.0,9.0,,GN
83204.0,,,,0.87,GN
83204.0,78.0,88.0,77.0,72.0,GN
83204.0,71.0,86.0,79.0,65.0,GN
83204.0,,,,0.87,GN
83204.0,12.0,10.0,7.0,,GN
83204.0,,,,,GN
83204.0,,,,0.87,GN
83204.0,23.0,21.0,14.0,25.0,GN
83204.0,33.0,,,,GN
83204.0,,,,0.87,GN
83204.0,20.0,67.0,120.0,42.0,GP
83204.0,12.0,66.0,210.0,43.0,GP
83204.0,11.0,59.0,41.0,23.0,GP
83204.0,25.0,56.0,283.0,,GP
83204.0,44.0,42.0,197.0,46.0,GP
83204.0,5.0,42.0,176.0,46.0,GP
83204.0,29.0,26.0,299.0,26.0,GP
83204.0,6.0,23.0,54.0,,GP
83204.0,28.0,7.0,308.0,22.0,GP
83204.0,19.0,7.0,102.0,32.0,GP
83204.0,9.0,5.0,53.0,17.0,GP
83204.0,87.0,51.0,24.0,13.0,GL
83204.0,78.0,43.0,296.0,20.0,GL
83204.0,88.0,42.0,294.0,23.0,GL
83204.0,77.0,36.0,212.0,2.0,GL
83204.0,72.0,29.0,101.0,25.0,GL
83204.0,71.0,23.0,47.0,19.0,GL
83204.0,86.0,11.0,64.0,19.0,GL
83204.0,79.0,7.0,337.0,2.0,GL
83204.0,65.0,7.0,153.0,43.0,GL
83204.0,76.0,3.0,181.0,43.0,GL
83204.0,31.0,61.0,201.0,42.0,GA
83204.0,33.0,60.0,35.0,17.0,GA
83204.0,12.0,55.0,261.0,23.0,GA
83204.0,24.0,47.0,301.0,2.0,GA
83204.0,10.0,31.0,250.0,36.0,GA
83204.0,26.0,14.0,56.0,11.0,GA
83204.0,7.0,5.0,51.0,11.0,GA
83204.0,11.0,5.0,244.0,,GA
83204.0,25.0,1.0,325.0,,GA
83204.0,31.0,61.0,201.0,32.0,GA
83204.0,10.0,31.0,250.0,26.0,GA
83204.0,43.0,71.0,5.0,,GB
83204.0,11.0,55.0,53.0,16.0,GB
83204.0,42.0,35.0,118.0,40.0,GB
83204.0,34.0,35.0,75.0,1.0,GB
83204.0,23.0,35.0,237.0,36.0,GB
83204.0,21.0,26.0,59.0,20.0,GB
83204.0,37.0,26.0,299.0,,GB
83204.0,28.0,26.0,281.0,,GB
83204.0,14.0,25.0,147.0,43.0,GB
83204.0,25.0,11.0,190.0,50.0,GB
83204.0,33.0,11.0,169.0,45.0,GB
83204.0,12.0,8.0,82.0,,GB
83204.0,16.0,2.0,332.0,,GB
83204.0,23.0,35.0,237.0,35.0,GB
83204.0,42.0,35.0,118.0,33.0,GB
83204.0,25.0,11.0,190.0,36.0,GB
83204.0,33.0,11.0,169.0,3.0,GB
83204.0,,230644.0,,,GN
83204.0,,10514.619252,,0.01,GN
83204.0,,190324.0,,,GN
83204.0,,0.01,,0.0,GN
83205.0,12.0,11.0,5.0,29.0,GN
83205.0,28.0,19.0,9.0,,GN
83205.0,,,,0.87,GN
83205.0,78.0,88.0,77.0,72.0,GN
83205.0,71.0,86.0,79.0,65.0,GN
83205.0,,,,0.87,GN
83205.0,12.0,10.0,7.0,,GN
83205.0,,,,,GN
83205.0,,,,0.87,GN
83205.0,42.0,21.0,14.0,33.0,GN
83205.0,25.0,,,,GN
83205.0,,,,0.87,GN
83205.0,20.0,67.0,120.0,42.0,GP
83205.0,12.0,66.0,210.0,43.0,GP
83205.0,11.0,59.0,41.0,21.0,GP
83205.0,25.0,56.0,283.0,,GP
83205.0,44.0,42.0,197.0,46.0,GP
83205.0,5.0,42.0,176.0,46.0,GP
83205.0,29.0,26.0,299.0,24.0,GP
83205.0,6.0,23.0,54.0,,GP
83205.0,28.0,7.0,308.0,22.0,GP
83205.0,19.0,7.0,102.0,33.0,GP
83205.0,9.0,5.0,53.0,17.0,GP
83205.0,87.0,51.0,24.0,17.0,GL
83205.0,78.0,43.0,296.0,20.0,GL
83205.0,88.0,42.0,294.0,20.0,GL
83205.0,77.0,36.0,212.0,2.0,GL
83205.0,72.0,29.0,101.0,26.0,GL
83205.0,71.0,23.0,47.0,20.0,GL
83205.0,86.0,11.0,64.0,20.0,GL
83205.0,79.0,7.0,337.0,2.0,GL
83205.0,65.0,7.0,153.0,44.0,GL
83205.0,76.0,3.0,181.0,42.0,GL
83205.0,31.0,61.0,201.0,42.0,GA
83205.0,33.0,60.0,35.0,17.0,GA
83205.0,12.0,55.0,261.0,24.0,GA
83205.0,24.0,47.0,301.0,2.0,GA
83205.0,10.0,31.0,250.0,36.0,GA
83205.0,26.0,14.0,56.0,12.0,GA
83205.0,11.0,5.0,244.0,15.0,GA
83205.0,7.0,5.0,51.0,1.0,GA
83205.0,25.0,1.0,325.0,,GA
83205.0,31.0,61.0,201.0,32.0,GA
83205.0,10.0,31.0,250.0,26.0,GA
83205.0,43.0,71.0,5.0,15.0,GB
83205.0,11.0,55.0,53.0,15.0,GB
83205.0,23.0,35.0,237.0,36.0,GB
83205.0,34.0,35.0,75.0,1.0,GB
83205.0,42.0,35.0,118.0,40.0,GB
83205.0,28.0,26.0,281.0,,GB
83205.0,21.0,26.0,59.0,20.0,GB
83205.0,37.0,26.0,299.0,,GB
83205.0,14.0,25.0,147.0,43.0,GB
83205.0,33.0,11.0,169.0,45.0,GB
83205.0,25.0,11.0,190.0,49.0,GB
83205.0,12.0,8.0,82.0,,GB
83205.0,23.0,35.0,237.0,35.0,GB
83205.0,42.0,35.0,118.0,33.0,GB
83205.0,25.0,11.0,190.0,36.0,GB
83205.0,33.0,11.0,169.0,3.0,GB
83205.0,,230645.0,,,GN
83205.0,,10514.619312,,0.02,GN
83205.0,,190324.0,,,GN
83205.0,,0.02,,0.0,GN
83206.0,12.0,11.0,5.0,29.0,GN
83206.0,28.0,19.0,9.0,,GN
83206.0,,,,0.87,GN
83206.0,78.0,88.0,77.0,72.0,GN
83206.0,71.0,86.0,79.0,65.0,GN
83206.0,,,,0.87,GN
83206.0,12.0,10.0,7.0,,GN
83206.0,,,,,GN
83206.0,,,,0.87,GN
83206.0,23.0,21.0,14.0,25.0,GN
83206.0,33.0,,,,GN
83206.0,,,,0.87,GN
83206.0,20.0,67.0,120.0,42.0,GP
83206.0,12.0,66.0,210.0,43.0,GP
83206.0,11.0,59.0,41.0,20.0,GP
83206.0,25.0,56.0,283.0,,GP
83206.0,44.0,42.0,197.0,46.0,GP
83206.0,5.0,42.0,176.0,46.0,GP
83206.0,29.0,26.0,299.0,20.0,GP
83206.0,6.0,23.0,54.0,,GP
83206.0,28.0,7.0,308.0,22.0,GP
83206.0,19.0,7.0,102.0,34.0,GP
83206.0,9.0,5.0,53.0,19.0,GP
83206.0,87.0,51.0,24.0,17.0,GL
83206.0,78.0,43.0,296.0,24.0,GL
83206.0,88.0,42.0,294.0,19.0,GL
83206.0,77.0,36.0,212.0,2.0,GL
83206.0,72.0,29.0,101.0,27.0,GL
83206.0,71.0,23.0,47.0,18.0,GL
83206.0,86.0,11.0,64.0,18.0,GL
83206.0,79.0,7.0,337.0,1.0,GL
83206.0,65.0,7.0,153.0,44.0,GL
83206.0,76.0,3.0,181.0,42.0,GL
83206.0,31.0,61.0,201.0,42.0,GA
83206.0,33.0,60.0,35.0,,GA
83206.0,12.0,55.0,261.0,24.0,GA
83206.0,24.0,47.0,301.0,2.0,GA
83206.0,10.0,31.0,250.0,36.0,GA
83206.0,26.0,14.0,56.0,13.0,GA
83206.0,7.0,5.0,51.0,12.0,GA
83206.0,11.0,5.0,244.0,1.0,GA
83206.0,25.0,1.0,325.0,,GA
83206.0,31.0,61.0,201.0,32.0,GA
83206.0,10.0,31.0,250.0,26.0,GA
83206.0,43.0,71.0,5.0,15.0,GB
83206.0,11.0,55.0,53.0,14.0,GB
83206.0,42.0,35.0,118.0,40.0,GB
83206.0,34.0,35.0,75.0,1.0,GB
83206.0,23.0,35.0,237.0,36.0,GB
83206.0,21.0,26.0,59.0,20.0,GB
83206.0,37.0,26.0,299.0,,GB
83206.0,28.0,26.0,281.0,,GB
83206.0,14.0,25.0,147.0,43.0,GB
83206.0,25.0,11.0,190.0,49.0,GB
83206.0,33.0,11.0,169.0,45.0,GB
83206.0,12.0,8.0,82.0,,GB
83206.0,16.0,2.0,332.0,,GB
83206.0,23.0,35.0,237.0,35.0,GB
83206.0,42.0,35.0,118.0,33.0,GB
83206.0,25.0,11.0,190.0,36.0,GB
83206.0,33.0,11.0,169.0,3.0,GB
83206.0,,230646.0,,,GN
83206.0,,10514.619348,,0.01,GN
83206.0,,190324.0,,,GN
83206.0,,0.01,,0.0,GN
83207.0,12.0,11.0,5.0,29.0,GN
83207.0,28.0,19.0,9.0,,GN
83207.0,,,,0.88,GN
83207.0,78.0,88.0,77.0,72.0,GN
83207.0,71.0,86.0,79.0,65.0,GN
83207.0,,,,0.88,GN
83207.0,12.0,10.0,,,GN
83207.0,,,,,GN
83207.0,,,,0.88,GN
83207.0,23.0,21.0,28.0,14.0,GN
83207.0,25.0,33.0,,,GN
83207.0,,,,0.88,GN
83207.0,20.0,67.0,120.0,42.0,GP
83207.0,12.0,66.0,210.0,43.0,GP
83207.0,11.0,59.0,41.0,20.0,GP
83207.0,25.0,56.0,283.0,,GP
83207.0,44.0,42.0,197.0,46.0,GP
83207.0,5.0,42.0,176.0,46.0,GP
83207.0,29.0,26.0,299.0,18.0,GP
83207.0,6.0,23.0,54.0,,GP
83207.0,28.0,7.0,308.0,22.0,GP
83207.0,19.0,7.0,102.0,34.0,GP
83207.0,9.0,5.0,53.0,20.0,GP
83207.0,87.0,51.0,24.0,16.0,GL
83207.0,78.0,43.0,296.0,25.0,GL
83207.0,88.0,42.0,294.0,17.0,GL
83207.0,77.0,36.0,212.0,2.0,GL
83207.0,72.0,29.0,101.0,28.0,GL
83207.0,71.0,23.0,47.0,16.0,GL
83207.0,86.0,11.0,64.0,17.0,GL
83207.0,79.0,7.0,337.0,1.0,GL
83207.0,65.0,7.0,153.0,45.0,GL
83207.0,76.0,3.0,181.0,42.0,GL
83207.0,31.0,61.0,201.0,42.0,GA
83207.0,33.0,60.0,35.0,,GA
83207.0,12.0,55.0,261.0,23.0,GA
83207.0,24.0,47.0,301.0,2.0,GA
83207.0,10.0,31.0,250.0,36.0,GA
83207.0,26.0,14.0,56.0,15.0,GA
83207.0,7.0,5.0,51.0,,GA
83207.0,11.0,5.0,244.0,1.0,GA
83207.0,25.0,1.0,325.0,,GA
83207.0,31.0,61.0,201.0,32.0,GA
83207.0,10.0,31.0,250.0,26.0,GA
83207.0,43.0,71.0,5.0,,GB
83207.0,11.0,55.0,53.0,14.0,GB
83207.0,42.0,35.0,118.0,40.0,GB
83207.0,34.0,35.0,75.0,1.0,GB
83207.0,23.0,35.0,237.0,36.0,GB
83207.0,21.0,26.0,59.0,20.0,GB
83207.0,37.0,26.0,299.0,,GB
83207.0,28.0,26.0,281.0,2.0,GB
83207.0,14.0,25.0,147.0,43.0,GB
83207.0,25.0,11.0,190.0,49.0,GB
83207.0,33.0,11.0,169.0,45.0,GB
83207.0,12.0,8.0,82.0,,GB
83207.0,16.0,2.0,332.0,,GB
83207.0,23.0,35.0,237.0,35.0,GB
83207.0,42.0,35.0,118.0,33.0,GB
83207.0,25.0,11.0,190.0,36.0,GB
83207.0,33.0,11.0,169.0,3.0,GB
83207.0,,230647.0,,,GN
83207.0,,10514.61939,,0.01,GN
83207.0,,190324.0,,,GN
83207.0,,0.01,,0.0,GN
83208.0,12.0,11.0,5.0,29.0,GN
83208.0,28.0,19.0,9.0,,GN
83208.0,,,,0.88,GN
83208.0,78.0,88.0,77.0,72.0,GN
83208.0,71.0,86.0,79.0,65.0,GN
83208.0,,,,0.88,GN
83208.0,12.0,10.0,,,GN
83208.0,,,,,GN
83208.0,,,,0.88,GN
83208.0,23.0,21.0,28.0,14.0,GN
83208.0,25.0,33.0,,,GN
83208.0,,,,0.88,GN
83208.0,20.0,67.0,120.0,42.0,GP
83208.0,12.0,66.0,210.0,43.0,GP
83208.0,11.0,59.0,41.0,19.0,GP
83208.0,25.0,56.0,283.0,,GP
83208.0,44.0,42.0,197.0,46.0,GP
83208.0,5.0,42.0,176.0,46.0,GP
83208.0,29.0,26.0,299.0,20.0,GP
83208.0,6.0,23.0,54.0,,GP
83208.0,28.0,7.0,308.0,24.0,GP
83208.0,19.0,7.0,102.0,34.0,GP
83208.0,9.0,5.0,53.0,21.0,GP
83208.0,87.0,51.0,24.0,16.0,GL
83208.0,78.0,43.0,296.0,25.0,GL
83208.0,88.0,42.0,294.0,17.0,GL
83208.0,77.0,36.0,212.0,2.0,GL
83208.0,72.0,29.0,101.0,35.0,GL
83208.0,71.0,23.0,47.0,16.0,GL
83208.0,86.0,11.0,64.0,16.0,GL
83208.0,79.0,7.0,337.0,1.0,GL
83208.0,65.0,7.0,153.0,45.0,GL
83208.0,76.0,3.0,181.0,42.0,GL
83208.0,31.0,61.0,201.0,42.0,GA
83208.0,33.0,60.0,35.0,,GA
83208.0,12.0,55.0,261.0,22.0,GA
83208.0,24.0,47.0,301.0,2.0,GA
83208.0,10.0,31.0,250.0,36.0,GA
83208.0,26.0,14.0,56.0,15.0,GA
83208.0,7.0,5.0,51.0,,GA
83208.0,11.0,5.0,244.0,1.0,GA
83208.0,25.0,1.0,325.0,,GA
83208.0,31.0,61.0,201.0,32.0,GA
83208.0,10.0,31.0,250.0,27.0,GA
83208.0,43.0,71.0,5.0,,GB
83208.0,11.0,55.0,53.0,14.0,GB
83208.0,42.0,35.0,118.0,40.0,GB
83208.0,34.0,35.0,75.0,1.0,GB
83208.0,23.0,35.0,237.0,37.0,GB
83208.0,21.0,26.0,59.0,20.0,GB
83208.0,37.0,26.0,299.0,,GB
83208.0,28.0,26.0,281.0,2.0,GB
83208.0,14.0,25.0,147.0,43.0,GB
83208.0,25.0,11.0,190.0,49.0,GB
83208.0,33.0,11.0,169.0,46.0,GB
83208.0,12.0,8.0,82.0,,GB
83208.0,16.0,2.0,332.0,,GB
83208.0,23.0,35.0,237.0,35.0,GB
83208.0,42.0,35.0,118.0,33.0,GB
83208.0,25.0,11.0,190.0,36.0,GB
83208.0,33.0,11.0,169.0,3.0,GB
83208.0,,230648.0,,,GN
83208.0,,10514.619462,,0.01,GN
83208.0,,190324.0,,,GN
83208.0,,0.01,,0.0,GN
83209.0,12.0,11.0,5.0,29.0,GN
83209.0,28.0,19.0,9.0,,GN
83209.0,,,,0.88,GN
83209.0,78.0,88.0,77.0,72.0,GN
83209.0,71.0,86.0,79.0,65.0,GN
83209.0,,,,0.88,GN
83209.0,12.0,10.0,,,GN
83209.0,,,,,GN
83209.0,,,,0.88,GN
83209.0,23.0,21.0,37.0,28.0,GN
83209.0,14.0,25.0,33.0,,GN
83209.0,,,,0.88,GN
83209.0,20.0,67.0,120.0,42.0,GP
83209.0,12.0,66.0,210.0,43.0,GP
83209.0,11.0,59.0,41.0,20.0,GP
83209.0,25.0,56.0,283.0,,GP
83209.0,44.0,42.0,197.0,46.0,GP
83209.0,5.0,42.0,176.0,46.0,GP
83209.0,29.0,26.0,299.0,17.0,GP
83209.0,6.0,23.0,54.0,,GP
83209.0,28.0,7.0,308.0,31.0,GP
83209.0,19.0,7.0,102.0,34.0,GP
83209.0,9.0,5.0,53.0,20.0,GP
83209.0,87.0,51.0,24.0,18.0,GL
83209.0,78.0,43.0,296.0,24.0,GL
83209.0,88.0,42.0,294.0,16.0,GL
83209.0,77.0,36.0,212.0,2.0,GL
83209.0,72.0,29.0,101.0,35.0,GL
83209.0,71.0,23.0,47.0,16.0,GL
83209.0,86.0,11.0,64.0,15.0,GL
83209.0,79.0,7.0,337.0,1.0,GL
83209.0,65.0,7.0,153.0,45.0,GL
83209.0,76.0,3.0,181.0,42.0,GL
83209.0,31.0,61.0,201.0,42.0,GA
83209.0,33.0,60.0,35.0,,GA
83209.0,12.0,55.0,261.0,22.0,GA
83209.0,24.0,47.0,301.0,2.0,GA
83209.0,10.0,31.0,250.0,35.0,GA
83209.0,26.0,14.0,56.0,16.0,GA
83209.0,7.0,5.0,51.0,,GA
83209.0,11.0,5.0,244.0,1.0,GA
83209.0,25.0,1.0,325.0,,GA
83209.0,31.0,61.0,201.0,32.0,GA
83209.0,10.0,31.0,250.0,28.0,GA
83209.0,43.0,71.0,5.0,,GB
83209.0,11.0,55.0,53.0,14.0,GB
83209.0,42.0,35.0,118.0,40.0,GB
83209.0,34.0,35.0,75.0,1.0,GB
83209.0,23.0,35.0,237.0,37.0,GB
83209.0,21.0,26.0,59.0,20.0,GB
83209.0,37.0,26.0,299.0,17.0,GB
83209.0,28.0,26.0,281.0,2.0,GB
83209.0,14.0,25.0,147.0,43.0,GB
83209.0,25.0,11.0,190.0,49.0,GB
83209.0,33.0,11.0,169.0,46.0,GB
83209.0,12.0,8.0,82.0,,GB
83209.0,16.0,2.0,332.0,,GB
83209.0,23.0,35.0,237.0,35.0,GB
83209.0,42.0,35.0,118.0,33.0,GB
83209.0,25.0,11.0,190.0,36.0,GB
83209.0,33.0,11.0,169.0,3.0,GB
83209.0,,230649.0,,,GN
83209.0,,10514.619504,,0.01,GN
83209.0,,190324.0,,,GN
83209.0,,0.01,,0.0,GN
83210.0,12.0,11.0,5.0,29.0,GN
83210.0,28.0,19.0,9.0,,GN
83210.0,,,,0.88,GN
83210.0,78.0,88.0,77.0,72.0,GN
83210.0,71.0,86.0,79.0,65.0,GN
83210.0,,,,0.88,GN
83210.0,12.0,10.0,,,GN
83210.0,,,,,GN
83210.0,,,,0.88,GN
83210.0,23.0,21.0,37.0,28.0,GN
83210.0,14.0,25.0,33.0,,GN
83210.0,,,,0.88,GN
83210.0,20.0,67.0,120.0,42.0,GP
83210.0,12.0,66.0,210.0,43.0,GP
83210.0,11.0,59.0,41.0,20.0,GP
83210.0,25.0,56.0,283.0,,GP
83210.0,44.0,42.0,197.0,46.0,GP
83210.0,5.0,42.0,176.0,46.0,GP
83210.0,29.0,26.0,299.0,21.0,GP
83210.0,6.0,23.0,54.0,,GP
83210.0,28.0,7.0,308.0,31.0,GP
83210.0,19.0,7.0,102.0,34.0,GP
83210.0,9.0,5.0,53.0,17.0,GP
83210.0,28.0,7.0,308.0,18.0,GP
83210.0,87.0,51.0,24.0,20.0,GL
83210.0,78.0,43.0,296.0,23.0,GL
83210.0,88.0,42.0,294.0,17.0,GL
83210.0,77.0,36.0,212.0,2.0,GL
83210.0,72.0,29.0,101.0,35.0,GL
83210.0,71.0,23.0,47.0,16.0,GL
83210.0,86.0,11.0,64.0,14.0,GL
83210.0,79.0,7.0,337.0,1.0,GL
83210.0,65.0,7.0,153.0,45.0,GL
83210.0,76.0,3.0,181.0,42.0,GL
83210.0,31.0,61.0,201.0,42.0,GA
83210.0,33.0,60.0,35.0,,GA
83210.0,12.0,55.0,261.0,22.0,GA
83210.0,24.0,47.0,301.0,2.0,GA
83210.0,10.0,31.0,250.0,35.0,GA
83210.0,26.0,14.0,56.0,17.0,GA
83210.0,7.0,5.0,51.0,,GA
83210.0,11.0,5.0,244.0,1.0,GA
83210.0,25.0,1.0,325.0,,GA
83210.0,31.0,61.0,201.0,32.0,GA
83210.0,10.0,31.0,250.0,28.0,GA
83210.0,43.0,71.0,5.0,,GB
83210.0,11.0,55.0,53.0,14.0,GB
83210.0,42.0,35.0,118.0,40.0,GB
83210.0,34.0,35.0,75.0,1.0,GB
83210.0,23.0,35.0,237.0,37.0,GB
83210.0,21.0,26.0,59.0,20.0,GB
83210.0,37.0,26.0,299.0,19.0,GB
83210.0,28.0,26.0,281.0,2.0,GB
83210.0,14.0,25.0,147.0,43.0,GB
83210.0,25.0,11.0,190.0,49.0,GB
83210.0,33.0,11.0,169.0,46.0,GB
83210.0,12.0,8.0,82.0,,GB
83210.0,16.0,2.0,332.0,,GB
83210.0,42.0,35.0,118.0,33.0,GB
83210.0,23.0,35.0,237.0,35.0,GB
83210.0,33.0,11.0,169.0,33.0,GB
83210.0,25.0,11.0,190.0,3.0,GB
83210.0,,230650.0,,,GN
83210.0,,10514.619546,,0.01,GN
83210.0,,190324.0,,,GN
83210.0,,0.01,,0.0,GN
83211.0,12.0,11.0,5.0,29.0,GN
83211.0,28.0,19.0,9.0,,GN
83211.0,,,,0.88,GN
83211.0,78.0,88.0,77.0,72.0,GN
83211.0,71.0,86.0,79.0,65.0,GN
83211.0,,,,0.88,GN
83211.0,12.0,10.0,,,GN
83211.0,,,,,GN
83211.0,,,,0.88,GN
83211.0,23.0,21.0,37.0,28.0,GN
83211.0,14.0,25.0,33.0,,GN
83211.0,,,,0.88,GN
83211.0,20.0,67.0,120.0,42.0,GP
83211.0,12.0,66.0,210.0,43.0,GP
83211.0,11.0,59.0,41.0,19.0,GP
83211.0,25.0,56.0,283.0,,GP
83211.0,44.0,42.0,197.0,46.0,GP
83211.0,5.0,42.0,176.0,46.0,GP
83211.0,29.0,26.0,299.0,22.0,GP
83211.0,6.0,23.0,54.0,,GP
83211.0,28.0,7.0,308.0,30.0,GP
83211.0,19.0,7.0,102.0,34.0,GP
83211.0,9.0,5.0,53.0,14.0,GP
83211.0,28.0,7.0,308.0,18.0,GP
83211.0,87.0,51.0,24.0,20.0,GL
83211.0,78.0,43.0,296.0,20.0,GL
83211.0,88.0,42.0,294.0,17.0,GL
83211.0,77.0,36.0,212.0,2.0,GL
83211.0,72.0,29.0,101.0,34.0,GL
83211.0,71.0,23.0,47.0,16.0,GL
83211.0,86.0,11.0,64.0,15.0,GL
83211.0,79.0,7.0,337.0,1.0,GL
83211.0,65.0,7.0,153.0,45.0,GL
83211.0,76.0,3.0,181.0,42.0,GL
83211.0,31.0,61.0,201.0,42.0,GA
83211.0,33.0,60.0,35.0,,GA
83211.0,12.0,55.0,261.0,22.0,GA
83211.0,24.0,47.0,301.0,2.0,GA
83211.0,10.0,31.0,250.0,34.0,GA
83211.0,26.0,14.0,56.0,18.0,GA
83211.0,7.0,5.0,51.0,,GA
83211.0,11.0,5.0,244.0,1.0,GA
83211.0,25.0,1.0,325.0,,GA
83211.0,31.0,61.0,201.0,32.0,GA
83211.0,10.0,31.0,250.0,28.0,GA
83211.0,43.0,71.0,5.0,,GB
83211.0,11.0,55.0,53.0,14.0,GB
83211.0,42.0,35.0,118.0,40.0,GB
83211.0,34.0,35.0,75.0,1.0,GB
83211.0,23.0,35.0,237.0,37.0,GB
83211.0,21.0,26.0,59.0,19.0,GB
83211.0,37.0,26.0,299.0,20.0,GB
83211.0,28.0,26.0,281.0,2.0,GB
83211.0,14.0,25.0,147.0,43.0,GB
83211.0,25.0,11.0,190.0,49.0,GB
83211.0,33.0,11.0,169.0,46.0,GB
83211.0,12.0,8.0,82.0,,GB
83211.0,16.0,2.0,332.0,,GB
83211.0,42.0,35.0,118.0,33.0,GB
83211.0,23.0,35.0,237.0,35.0,GB
83211.0,33.0,11.0,169.0,33.0,GB
83211.0,25.0,11.0,190.0,3.0,GB
83211.0,,230651.0,,,GN
83211.0,,10514.619582,,0.01,GN
83211.0,,190324.0,,,GN
83211.0,,0.01,,0.0,GN
83212.0,12.0,11.0,5.0,29.0,GN
83212.0,28.0,19.0,9.0,,GN
83212.0,,,,0.85,GN
83212.0,78.0,88.0,77.0,72.0,GN
83212.0,71.0,86.0,79.0,65.0,GN
83212.0,,,,0.85,GN
83212.0,12.0,10.0,7.0,,GN
83212.0,,,,,GN
83212.0,,,,0.85,GN
83212.0,42.0,37.0,28.0,21.0,GN
83212.0,14.0,25.0,33.0,,GN
83212.0,,,,0.85,GN
83212.0,20.0,67.0,120.0,42.0,GP
83212.0,12.0,66.0,210.0,43.0,GP
83212.0,11.0,59.0,41.0,19.0,GP
83212.0,25.0,56.0,283.0,,GP
83212.0,44.0,42.0,197.0,46.0,GP
83212.0,5.0,42.0,176.0,46.0,GP
83212.0,29.0,26.0,299.0,25.0,GP
83212.0,6.0,23.0,54.0,,GP
83212.0,28.0,7.0,308.0,30.0,GP
83212.0,19.0,7.0,102.0,34.0,GP
83212.0,9.0,5.0,53.0,15.0,GP
83212.0,28.0,7.0,308.0,18.0,GP
83212.0,87.0,51.0,24.0,16.0,GL
83212.0,78.0,43.0,296.0,17.0,GL
83212.0,88.0,42.0,294.0,17.0,GL
83212.0,77.0,36.0,212.0,3.0,GL
83212.0,72.0,29.0,101.0,34.0,GL
83212.0,71.0,23.0,47.0,16.0,GL
83212.0,86.0,11.0,64.0,13.0,GL
83212.0,79.0,7.0,337.0,1.0,GL
83212.0,65.0,7.0,153.0,45.0,GL
83212.0,76.0,3.0,181.0,42.0,GL
83212.0,31.0,61.0,201.0,42.0,GA
83212.0,33.0,60.0,35.0,,GA
83212.0,12.0,55.0,261.0,21.0,GA
83212.0,24.0,47.0,301.0,2.0,GA
83212.0,10.0,31.0,250.0,34.0,GA
83212.0,26.0,14.0,56.0,18.0,GA
83212.0,11.0,5.0,244.0,15.0,GA
83212.0,7.0,5.0,51.0,1.0,GA
83212.0,25.0,1.0,325.0,,GA
83212.0,31.0,61.0,201.0,32.0,GA
83212.0,10.0,31.0,250.0,28.0,GA
83212.0,11.0,55.0,53.0,14.0,GB
83212.0,23.0,35.0,237.0,37.0,GB
83212.0,34.0,35.0,75.0,19.0,GB
83212.0,42.0,35.0,118.0,4.0,GB
83212.0,37.0,26.0,299.0,20.0,GB
83212.0,28.0,26.0,281.0,22.0,GB
83212.0,21.0,26.0,59.0,18.0,GB
83212.0,14.0,25.0,147.0,4.0,GB
83212.0,25.0,11.0,190.0,49.0,GB
83212.0,33.0,11.0,169.0,46.0,GB
83212.0,12.0,8.0,82.0,,GB
83212.0,16.0,2.0,332.0,,GB
83212.0,42.0,35.0,118.0,33.0,GB
83212.0,23.0,35.0,237.0,35.0,GB
83212.0,33.0,11.0,169.0,33.0,GB
83212.0,25.0,11.0,190.0,3.0,GB
83212.0,,230652.0,,,GN
83212.0,,10514.619612,,0.01,GN
83212.0,,190324.0,,,GN
83212.0,,0.01,,0.0,GN
83213.0,12.0,11.0,5.0,29.0,GN
83213.0,28.0,19.0,9.0,,GN
83213.0,,,,0.88,GN
83213.0,78.0,88.0,77.0,72.0,GN
83213.0,71.0,86.0,79.0,65.0,GN
83213.0,,,,0.88,GN
83213.0,12.0,10.0,,,GN
83213.0,,,,,GN
83213.0,,,,0.88,GN
83213.0,23.0,37.0,21.0,28.0,GN
83213.0,14.0,25.0,33.0,,GN
83213.0,,,,0.88,GN
83213.0,20.0,67.0,120.0,42.0,GP
83213.0,12.0,66.0,210.0,43.0,GP
83213.0,11.0,59.0,41.0,18.0,GP
83213.0,25.0,56.0,283.0,,GP
83213.0,44.0,42.0,197.0,46.0,GP
83213.0,5.0,42.0,176.0,46.0,GP
83213.0,29.0,26.0,299.0,31.0,GP
83213.0,6.0,23.0,54.0,,GP
83213.0,28.0,7.0,308.0,30.0,GP
83213.0,19.0,7.0,102.0,34.0,GP
83213.0,9.0,5.0,53.0,18.0,GP
83213.0,28.0,7.0,308.0,19.0,GP
83213.0,87.0,51.0,24.0,15.0,GL
83213.0,78.0,43.0,296.0,18.0,GL
83213.0,88.0,42.0,294.0,17.0,GL
83213.0,77.0,36.0,212.0,3.0,GL
83213.0,72.0,29.0,101.0,33.0,GL
83213.0,71.0,23.0,47.0,17.0,GL
83213.0,86.0,11.0,64.0,12.0,GL
83213.0,79.0,7.0,337.0,1.0,GL
83213.0,65.0,7.0,153.0,45.0,GL
83213.0,76.0,3.0,181.0,42.0,GL
83213.0,31.0,61.0,201.0,42.0,GA
83213.0,33.0,60.0,35.0,,GA
83213.0,12.0,55.0,261.0,21.0,GA
83213.0,24.0,47.0,301.0,2.0,GA
83213.0,10.0,31.0,250.0,34.0,GA
83213.0,26.0,14.0,56.0,18.0,GA
83213.0,7.0,5.0,51.0,,GA
83213.0,11.0,5.0,244.0,1.0,GA
83213.0,25.0,1.0,325.0,,GA
83213.0,31.0,61.0,201.0,32.0,GA
83213.0,10.0,31.0,250.0,28.0,GA
83213.0,11.0,55.0,53.0,14.0,GB
83213.0,34.0,35.0,75.0,18.0,GB
83213.0,42.0,35.0,118.0,40.0,GB
83213.0,23.0,35.0,237.0,3.0,GB
83213.0,37.0,26.0,299.0,21.0,GB
83213.0,21.0,26.0,59.0,17.0,GB
83213.0,28.0,26.0,281.0,23.0,GB
83213.0,14.0,25.0,147.0,4.0,GB
83213.0,25.0,11.0,190.0,49.0,GB
83213.0,33.0,11.0,169.0,46.0,GB
83213.0,12.0,8.0,82.0,,GB
83213.0,39.0,3.0,323.0,,GB
83213.0,16.0,2.0,332.0,,GB
83213.0,42.0,35.0,118.0,33.0,GB
83213.0,23.0,35.0,237.0,35.0,GB
83213.0,33.0,11.0,169.0,33.0,GB
83213.0,25.0,11.0,190.0,3.0,GB
83213.0,,230653.0,,,GN
83213.0,,10514.619606,,0.01,GN
83213.0,,190324.0,,,GN
83213.0,,0.01,,0.0,GN
83214.0,12.0,11.0,5.0,29.0,GN
83214.0,28.0,19.0,9.0,,GN
83214.0,,,,0.88,GN
83214.0,78.0,88.0,77.0,72.0,GN
83214.0,71.0,86.0,79.0,65.0,GN
83214.0,,,,0.88,GN
83214.0,12.0,10.0,,,GN
83214.0,,,,,GN
83214.0,,,,0.88,GN
83214.0,42.0,28.0,21.0,37.0,GN
83214.0,14.0,33.0,25.0,,GN
83214.0,,,,0.88,GN
83214.0,20.0,67.0,120.0,42.0,GP
83214.0,12.0,66.0,210.0,43.0,GP
83214.0,11.0,59.0,41.0,17.0,GP
83214.0,25.0,56.0,283.0,,GP
83214.0,44.0,42.0,197.0,46.0,GP
83214.0,5.0,42.0,176.0,46.0,GP
83214.0,29.0,26.0,299.0,30.0,GP
83214.0,6.0,23.0,54.0,,GP
83214.0,28.0,7.0,308.0,30.0,GP
83214.0,19.0,7.0,102.0,34.0,GP
83214.0,9.0,5.0,53.0,19.0,GP
83214.0,28.0,7.0,308.0,19.0,GP
83214.0,87.0,51.0,24.0,18.0,GL
83214.0,78.0,43.0,296.0,27.0,GL
83214.0,88.0,42.0,294.0,17.0,GL
83214.0,77.0,36.0,212.0,3.0,GL
83214.0,72.0,29.0,101.0,33.0,GL
83214.0,71.0,23.0,47.0,19.0,GL
83214.0,86.0,11.0,64.0,14.0,GL
83214.0,79.0,7.0,337.0,1.0,GL
83214.0,65.0,7.0,153.0,45.0,GL
83214.0,76.0,3.0,181.0,42.0,GL
83214.0,31.0,61.0,201.0,42.0,GA
83214.0,33.0,60.0,35.0,17.0,GA
83214.0,12.0,55.0,261.0,21.0,GA
83214.0,24.0,47.0,301.0,2.0,GA
83214.0,10.0,31.0,250.0,34.0,GA
83214.0,26.0,14.0,56.0,18.0,GA
83214.0,11.0,5.0,244.0,15.0,GA
83214.0,7.0,5.0,51.0,,GA
83214.0,25.0,1.0,325.0,,GA
83214.0,31.0,61.0,201.0,32.0,GA
83214.0,10.0,31.0,250.0,28.0,GA
83214.0,43.0,71.0,5.0,,GB
83214.0,11.0,55.0,53.0,14.0,GB
83214.0,23.0,35.0,237.0,37.0,GB
83214.0,34.0,35.0,75.0,1.0,GB
83214.0,42.0,35.0,118.0,40.0,GB
83214.0,28.0,26.0,281.0,22.0,GB
83214.0,21.0,26.0,59.0,17.0,GB
83214.0,37.0,26.0,299.0,2.0,GB
83214.0,14.0,25.0,147.0,42.0,GB
83214.0,33.0,11.0,169.0,46.0,GB
83214.0,25.0,11.0,190.0,49.0,GB
83214.0,12.0,8.0,82.0,,GB
83214.0,42.0,35.0,118.0,33.0,GB
83214.0,23.0,35.0,237.0,35.0,GB
83214.0,33.0,11.0,169.0,33.0,GB
83214.0,25.0,11.0,190.0,3.0,GB
83214.0,,230654.0,,,GN
83214.0,,10514.619612,,0.02,GN
83214.0,,190324.0,,,GN
83214.0,,0.02,,0.0,GN
83215.0,12.0,11.0,5.0,29.0,GN
83215.0,28.0,19.0,9.0,,GN
83215.0,,,,0.88,GN
83215.0,78.0,88.0,77.0,72.0,GN
83215.0,71.0,86.0,79.0,65.0,GN
83215.0,,,,0.88,GN
83215.0,12.0,10.0,,,GN
83215.0,,,,,GN
83215.0,,,,0.88,GN
83215.0,42.0,28.0,21.0,37.0,GN
83215.0,14.0,33.0,25.0,,GN
83215.0,,,,0.88,GN
83215.0,20.0,67.0,120.0,42.0,GP
83215.0,12.0,66.0,210.0,43.0,GP
83215.0,11.0,59.0,41.0,16.0,GP
83215.0,25.0,56.0,283.0,,GP
83215.0,44.0,42.0,197.0,46.0,GP
83215.0,5.0,42.0,176.0,46.0,GP
83215.0,29.0,26.0,299.0,30.0,GP
83215.0,6.0,23.0,54.0,,GP
83215.0,28.0,7.0,308.0,30.0,GP
83215.0,19.0,7.0,102.0,34.0,GP
83215.0,9.0,5.0,53.0,19.0,GP
83215.0,28.0,7.0,308.0,19.0,GP
83215.0,87.0,51.0,24.0,18.0,GL
83215.0,78.0,43.0,296.0,29.0,GL
83215.0,88.0,42.0,294.0,19.0,GL
83215.0,77.0,36.0,212.0,3.0,GL
83215.0,72.0,29.0,101.0,33.0,GL
83215.0,71.0,23.0,47.0,21.0,GL
83215.0,86.0,11.0,64.0,19.0,GL
83215.0,79.0,7.0,337.0,1.0,GL
83215.0,65.0,7.0,153.0,45.0,GL
83215.0,76.0,3.0,181.0,42.0,GL
83215.0,31.0,61.0,201.0,42.0,GA
83215.0,33.0,60.0,35.0,15.0,GA
83215.0,12.0,55.0,261.0,21.0,GA
83215.0,24.0,47.0,301.0,2.0,GA
83215.0,10.0,31.0,250.0,34.0,GA
83215.0,26.0,14.0,56.0,18.0,GA
83215.0,11.0,5.0,244.0,15.0,GA
83215.0,7.0,5.0,51.0,,GA
83215.0,25.0,1.0,325.0,,GA
83215.0,31.0,61.0,201.0,32.0,GA
83215.0,10.0,31.0,250.0,28.0,GA
83215.0,43.0,71.0,5.0,,GB
83215.0,11.0,55.0,53.0,14.0,GB
83215.0,23.0,35.0,237.0,37.0,GB
83215.0,34.0,35.0,75.0,1.0,GB
83215.0,42.0,35.0,118.0,40.0,GB
83215.0,28.0,26.0,281.0,23.0,GB
83215.0,21.0,26.0,59.0,18.0,GB
83215.0,37.0,26.0,299.0,1.0,GB
83215.0,14.0,25.0,147.0,42.0,GB
83215.0,33.0,11.0,169.0,46.0,GB
83215.0,25.0,11.0,190.0,49.0,GB
83215.0,12.0,8.0,82.0,,GB
83215.0,42.0,35.0,118.0,33.0,GB
83215.0,23.0,35.0,237.0,34.0,GB
83215.0,33.0,11.0,169.0,33.0,GB
83215.0,25.0,11.0,190.0,3.0,GB
83215.0,,230655.0,,,GN
83215.0,,10514.619606,,0.02,GN
83215.0,,190324.0,,,GN
83215.0,,0.02,,0.0,GN
83216.0,12.0,11.0,5.0,29.0,GN
83216.0,28.0,19.0,9.0,,GN
83216.0,,,,0.88,GN
83216.0,78.0,88.0,77.0,72.0,GN
83216.0,71.0,86.0,79.0,65.0,GN
83216.0,,,,0.88,GN
83216.0,12.0,10.0,,,GN
83216.0,,,,,GN
83216.0,,,,0.88,GN
83216.0,42.0,28.0,37.0,14.0,GN
83216.0,33.0,25.0,,,GN
83216.0,,,,0.88,GN
83216.0,20.0,67.0,120.0,42.0,GP
83216.0,12.0,66.0,210.0,43.0,GP
83216.0,11.0,59.0,41.0,13.0,GP
83216.0,25.0,56.0,283.0,,GP
83216.0,44.0,42.0,197.0,46.0,GP
83216.0,5.0,42.0,176.0,46.0,GP
83216.0,29.0,26.0,299.0,31.0,GP
83216.0,6.0,23.0,54.0,,GP
83216.0,28.0,7.0,308.0,30.0,GP
83216.0,19.0,7.0,102.0,34.0,GP
83216.0,9.0,5.0,53.0,20.0,GP
83216.0,28.0,7.0,308.0,20.0,GP
83216.0,87.0,51.0,24.0,18.0,GL
83216.0,78.0,43.0,296.0,28.0,GL
83216.0,88.0,42.0,294.0,20.0,GL
83216.0,77.0,36.0,212.0,3.0,GL
83216.0,72.0,29.0,101.0,33.0,GL
83216.0,71.0,23.0,47.0,23.0,GL
83216.0,86.0,11.0,64.0,20.0,GL
83216.0,79.0,7.0,337.0,1.0,GL
83216.0,65.0,7.0,153.0,46.0,GL
83216.0,76.0,3.0,181.0,42.0,GL
83216.0,31.0,61.0,201.0,43.0,GA
83216.0,33.0,60.0,35.0,14.0,GA
83216.0,12.0,55.0,261.0,21.0,GA
83216.0,24.0,47.0,301.0,2.0,GA
83216.0,10.0,31.0,250.0,34.0,GA
83216.0,26.0,14.0,56.0,17.0,GA
83216.0,11.0,5.0,244.0,15.0,GA
83216.0,7.0,5.0,51.0,,GA
83216.0,25.0,1.0,325.0,,GA
83216.0,31.0,61.0,201.0,32.0,GA
83216.0,10.0,31.0,250.0,28.0,GA
83216.0,43.0,71.0,5.0,,GB
83216.0,11.0,55.0,53.0,14.0,GB
83216.0,23.0,35.0,237.0,37.0,GB
83216.0,34.0,35.0,75.0,1.0,GB
83216.0,42.0,35.0,118.0,40.0,GB
83216.0,28.0,26.0,281.0,23.0,GB
83216.0,21.0,26.0,59.0,,GB
83216.0,37.0,26.0,299.0,1.0,GB
83216.0,14.0,25.0,147.0,42.0,GB
83216.0,33.0,11.0,169.0,46.0,GB
83216.0,25.0,11.0,190.0,49.0,GB
83216.0,12.0,8.0,82.0,1.0,GB
83216.0,42.0,35.0,118.0,33.0,GB
83216.0,23.0,35.0,237.0,34.0,GB
83216.0,33.0,11.0,169.0,33.0,GB
83216.0,25.0,11.0,190.0,3.0,GB
83216.0,,230656.0,,,GN
83216.0,,10514.619582,,0.01,GN
83216.0,,190324.0,,,GN
83216.0,,0.01,,0.0,GN
83217.0,12.0,11.0,5.0,29.0,GN
83217.0,28.0,19.0,9.0,,GN
83217.0,,,,0.88,GN
83217.0,78.0,88.0,77.0,72.0,GN
83217.0,71.0,86.0,65.0,79.0,GN
83217.0,,,,0.88,GN
83217.0,12.0,10.0,,,GN
83217.0,,,,,GN
83217.0,,,,0.88,GN
83217.0,42.0,28.0,37.0,14.0,GN
83217.0,33.0,25.0,,,GN
83217.0,,,,0.88,GN
83217.0,20.0,67.0,120.0,42.0,GP
83217.0,12.0,66.0,210.0,43.0,GP
83217.0,11.0,59.0,41.0,13.0,GP
83217.0,25.0,56.0,283.0,,GP
83217.0,44.0,42.0,197.0,46.0,GP
83217.0,5.0,42.0,176.0,46.0,GP
83217.0,29.0,26.0,299.0,30.0,GP
83217.0,6.0,23.0,54.0,,GP
83217.0,28.0,7.0,308.0,30.0,GP
83217.0,19.0,7.0,102.0,35.0,GP
83217.0,9.0,5.0,53.0,20.0,GP
83217.0,28.0,7.0,308.0,20.0,GP
83217.0,87.0,51.0,24.0,18.0,GL
83217.0,78.0,43.0,296.0,28.0,GL
83217.0,88.0,42.0,294.0,19.0,GL
83217.0,77.0,36.0,212.0,3.0,GL
83217.0,72.0,29.0,101.0,33.0,GL
83217.0,71.0,23.0,47.0,19.0,GL
83217.0,86.0,11.0,64.0,19.0,GL
83217.0,65.0,7.0,153.0,4.0,GL
83217.0,79.0,7.0,337.0,15.0,GL
83217.0,76.0,3.0,181.0,42.0,GL
83217.0,31.0,61.0,201.0,43.0,GA
83217.0,33.0,60.0,35.0,10.0,GA
83217.0,12.0,55.0,261.0,21.0,GA
83217.0,24.0,47.0,301.0,2.0,GA
83217.0,10.0,31.0,250.0,34.0,GA
83217.0,26.0,14.0,56.0,17.0,GA
83217.0,11.0,5.0,244.0,15.0,GA
83217.0,7.0,5.0,51.0,,GA
83217.0,31.0,61.0,201.0,31.0,GA
83217.0,10.0,31.0,250.0,28.0,GA
83217.0,43.0,71.0,5.0,,GB
83217.0,11.0,55.0,53.0,14.0,GB
83217.0,23.0,35.0,237.0,36.0,GB
83217.0,34.0,35.0,75.0,1.0,GB
83217.0,42.0,35.0,118.0,40.0,GB
83217.0,28.0,26.0,281.0,23.0,GB
83217.0,21.0,26.0,59.0,,GB
83217.0,37.0,26.0,299.0,1.0,GB
83217.0,14.0,25.0,147.0,42.0,GB
83217.0,33.0,11.0,169.0,46.0,GB
83217.0,25.0,11.0,190.0,49.0,GB
83217.0,12.0,8.0,82.0,1.0,GB
83217.0,42.0,35.0,118.0,33.0,GB
83217.0,23.0,35.0,237.0,34.0,GB
83217.0,33.0,11.0,169.0,33.0,GB
83217.0,25.0,11.0,190.0,3.0,GB
83217.0,,230657.0,,,GN
83217.0,,10514.619558,,0.01,GN
83217.0,,190324.0,,,GN
83217.0,,0.01,,0.0,GN
83218.0,12.0,11.0,5.0,29.0,GN
83218.0,28.0,19.0,9.0,,GN
83218.0,,,,0.88,GN
83218.0,78.0,88.0,77.0,72.0,GN
83218.0,71.0,86.0,79.0,65.0,GN
83218.0,,,,0.88,GN
83218.0,12.0,10.0,,,GN
83218.0,,,,,GN
83218.0,,,,0.88,GN
83218.0,42.0,28.0,37.0,14.0,GN
83218.0,33.0,25.0,,,GN
83218.0,,,,0.88,GN
83218.0,20.0,67.0,120.0,42.0,GP
83218.0,12.0,66.0,210.0,43.0,GP
83218.0,11.0,59.0,41.0,16.0,GP
83218.0,25.0,56.0,283.0,,GP
83218.0,44.0,42.0,197.0,46.0,GP
83218.0,5.0,42.0,176.0,46.0,GP
83218.0,29.0,26.0,299.0,29.0,GP
83218.0,6.0,23.0,54.0,,GP
83218.0,28.0,7.0,308.0,30.0,GP
83218.0,19.0,7.0,102.0,35.0,GP
83218.0,9.0,5.0,53.0,19.0,GP
83218.0,28.0,7.0,308.0,20.0,GP
83218.0,87.0,51.0,24.0,18.0,GL
83218.0,78.0,43.0,296.0,29.0,GL
83218.0,88.0,42.0,294.0,16.0,GL
83218.0,77.0,36.0,212.0,3.0,GL
83218.0,72.0,29.0,101.0,32.0,GL
83218.0,71.0,23.0,47.0,16.0,GL
83218.0,86.0,11.0,64.0,20.0,GL
83218.0,79.0,7.0,337.0,1.0,GL
83218.0,65.0,7.0,153.0,46.0,GL
83218.0,76.0,3.0,181.0,41.0,GL
83218.0,31.0,61.0,201.0,43.0,GA
83218.0,33.0,60.0,35.0,11.0,GA
83218.0,12.0,55.0,261.0,21.0,GA
83218.0,24.0,47.0,301.0,2.0,GA
83218.0,10.0,31.0,250.0,34.0,GA
83218.0,26.0,14.0,56.0,17.0,GA
83218.0,11.0,5.0,244.0,15.0,GA
83218.0,7.0,5.0,51.0,,GA
83218.0,25.0,1.0,325.0,,GA
83218.0,31.0,61.0,201.0,32.0,GA
83218.0,10.0,31.0,250.0,28.0,GA
83218.0,43.0,71.0,5.0,,GB
83218.0,11.0,55.0,53.0,14.0,GB
83218.0,23.0,35.0,237.0,36.0,GB
83218.0,34.0,35.0,75.0,1.0,GB
83218.0,42.0,35.0,118.0,39.0,GB
83218.0,28.0,26.0,281.0,21.0,GB
83218.0,21.0,26.0,59.0,,GB
83218.0,37.0,26.0,299.0,1.0,GB
83218.0,14.0,25.0,147.0,42.0,GB
83218.0,33.0,11.0,169.0,46.0,GB
